dataset,task,metric,model_a,model_b,n_folds,n_repeats,n_signflip_units,mean_diff,ci_low,ci_high,effect_size,p_value,min_possible_p,p_value_holm,holm_threshold_005,holm_feasible_005,min_folds_for_holm_005,significant_holm_005
evons,disinformation,accuracy,logreg_bert,logreg_mistral,10,1,10,-0.0037323867914380803,-0.004743465634075472,-0.002780466817252836,-1.0,0.001953125,0.0009765625,0.0546875,0.0017857142857142859,True,10,False
evons,disinformation,accuracy,logreg_bert,mlp_bert,10,1,10,-0.011159513821662881,-0.012337313111756464,-0.009933311821017487,-1.0,0.001953125,0.0009765625,0.0546875,0.0017857142857142859,True,10,False
evons,disinformation,accuracy,logreg_bert,mlp_mistral,10,1,10,-0.018269334193825936,-0.01942024308916851,-0.017150693772184554,-1.0,0.001953125,0.0009765625,0.0546875,0.0017857142857142859,True,10,False
evons,disinformation,accuracy,logreg_bert,rf_bert,10,1,10,0.02223835645907284,0.02141551037969238,0.02308271485425407,1.0,0.001953125,0.0009765625,0.0546875,0.0017857142857142859,True,10,False
evons,disinformation,accuracy,logreg_bert,rf_mistral,10,1,10,0.0399698827578789,0.03884048617833713,0.041228353232225436,1.0,0.001953125,0.0009765625,0.0546875,0.0017857142857142859,True,10,False
evons,disinformation,accuracy,logreg_bert,xgboost_bert,10,1,10,-0.0011293965795417637,-0.0017371195009142748,-0.0005162955792190505,-0.49,0.01171875,0.0009765625,0.0546875,0.0017857142857142859,True,10,False
evons,disinformation,accuracy,logreg_bert,xgboost_mistral,10,1,10,0.01200387221684417,0.010944390663654945,0.013014951059481583,1.0,0.001953125,0.0009765625,0.0546875,0.0017857142857142859,True,10,False
evons,disinformation,accuracy,logreg_mistral,mlp_bert,10,1,10,-0.0074271270302248005,-0.008965257609981703,-0.0060288265031730685,-1.0,0.001953125,0.0009765625,0.0546875,0.0017857142857142859,True,10,False
evons,disinformation,accuracy,logreg_mistral,mlp_mistral,10,1,10,-0.014536947402387857,-0.015639453587178654,-0.013439819296547273,-1.0,0.001953125,0.0009765625,0.0546875,0.0017857142857142859,True,10,False
evons,disinformation,accuracy,logreg_mistral,rf_bert,10,1,10,0.02597074325051092,0.025013445197375493,0.026997956329998917,1.0,0.001953125,0.0009765625,0.0546875,0.0017857142857142859,True,10,False
evons,disinformation,accuracy,logreg_mistral,rf_mistral,10,1,10,0.043702269549316976,0.042771861890932586,0.04467570183930295,1.0,0.001953125,0.0009765625,0.0546875,0.0017857142857142859,True,10,False
evons,disinformation,accuracy,logreg_mistral,xgboost_bert,10,1,10,0.002602990211896317,0.001952242658922232,0.0033505431859739755,0.92,0.001953125,0.0009765625,0.0546875,0.0017857142857142859,True,10,False
evons,disinformation,accuracy,logreg_mistral,xgboost_mistral,10,1,10,0.01573625900828225,0.01501559642895559,0.016473055824459504,1.0,0.001953125,0.0009765625,0.0546875,0.0017857142857142859,True,10,False
evons,disinformation,accuracy,mlp_bert,mlp_mistral,10,1,10,-0.007109820372163056,-0.008416693557061417,-0.005905130687318483,-1.0,0.001953125,0.0009765625,0.0546875,0.0017857142857142859,True,10,False
evons,disinformation,accuracy,mlp_bert,rf_bert,10,1,10,0.03339787028073572,0.0324083037538991,0.034451973754974705,1.0,0.001953125,0.0009765625,0.0546875,0.0017857142857142859,True,10,False
evons,disinformation,accuracy,mlp_bert,rf_mistral,10,1,10,0.051129396579541776,0.04940303323652791,0.05273744218565126,1.0,0.001953125,0.0009765625,0.0546875,0.0017857142857142859,True,10,False
evons,disinformation,accuracy,mlp_bert,xgboost_bert,10,1,10,0.010030117242121116,0.00858341400451761,0.011535979348176828,1.0,0.001953125,0.0009765625,0.0546875,0.0017857142857142859,True,10,False
evons,disinformation,accuracy,mlp_bert,xgboost_mistral,10,1,10,0.02316338603850705,0.021614499300849754,0.024636979670861557,1.0,0.001953125,0.0009765625,0.0546875,0.0017857142857142859,True,10,False
evons,disinformation,accuracy,mlp_mistral,rf_bert,10,1,10,0.040507690652898776,0.03967408841561794,0.04131978057437884,1.0,0.001953125,0.0009765625,0.0546875,0.0017857142857142859,True,10,False
evons,disinformation,accuracy,mlp_mistral,rf_mistral,10,1,10,0.05823921695170483,0.05685167258255351,0.059422394320748605,1.0,0.001953125,0.0009765625,0.0546875,0.0017857142857142859,True,10,False
evons,disinformation,accuracy,mlp_mistral,xgboost_bert,10,1,10,0.017139937614284173,0.01599440679789178,0.01824782187802517,1.0,0.001953125,0.0009765625,0.0546875,0.0017857142857142859,True,10,False
evons,disinformation,accuracy,mlp_mistral,xgboost_mistral,10,1,10,0.030273206410670106,0.029181456383779725,0.0312681510164569,1.0,0.001953125,0.0009765625,0.0546875,0.0017857142857142859,True,10,False
evons,disinformation,accuracy,rf_bert,rf_mistral,10,1,10,0.017731526298806054,0.016225664192750355,0.019065289878455415,1.0,0.001953125,0.0009765625,0.0546875,0.0017857142857142859,True,10,False
evons,disinformation,accuracy,rf_bert,xgboost_bert,10,1,10,-0.023367753038614603,-0.024282026460148397,-0.022561041196084743,-1.0,0.001953125,0.0009765625,0.0546875,0.0017857142857142859,True,10,False
evons,disinformation,accuracy,rf_bert,xgboost_mistral,10,1,10,-0.01023448424222867,-0.011390771216521444,-0.009282564268043447,-1.0,0.001953125,0.0009765625,0.0546875,0.0017857142857142859,True,10,False
evons,disinformation,accuracy,rf_mistral,xgboost_bert,10,1,10,-0.041099279337420656,-0.042196407443261266,-0.040115090889534244,-1.0,0.001953125,0.0009765625,0.0546875,0.0017857142857142859,True,10,False
evons,disinformation,accuracy,rf_mistral,xgboost_mistral,10,1,10,-0.027966010541034723,-0.028826503173066544,-0.027229213724857437,-1.0,0.001953125,0.0009765625,0.0546875,0.0017857142857142859,True,10,False
evons,disinformation,accuracy,xgboost_bert,xgboost_mistral,10,1,10,0.013133268796385933,0.012364203506507455,0.013945358717865985,1.0,0.001953125,0.0009765625,0.0546875,0.0017857142857142859,True,10,False
evons,disinformation,auc,logreg_bert,logreg_mistral,10,1,10,-0.0011925669899082946,-0.0013717792252530114,-0.0010197855482263595,-1.0,0.001953125,0.0009765625,0.0546875,0.0017857142857142859,True,10,False
evons,disinformation,auc,logreg_bert,mlp_bert,10,1,10,-0.002639397757279649,-0.0028056773789701616,-0.002455270732861903,-1.0,0.001953125,0.0009765625,0.0546875,0.0017857142857142859,True,10,False
evons,disinformation,auc,logreg_bert,mlp_mistral,10,1,10,-0.0035104966725620244,-0.003719350174296754,-0.003318991642704494,-1.0,0.001953125,0.0009765625,0.0546875,0.0017857142857142859,True,10,False
evons,disinformation,auc,logreg_bert,rf_bert,10,1,10,0.006676761332148862,0.006449180166957225,0.006906348117851813,1.0,0.001953125,0.0009765625,0.0546875,0.0017857142857142859,True,10,False
evons,disinformation,auc,logreg_bert,rf_mistral,10,1,10,0.011681312547924528,0.011292871302795781,0.012054551247795652,1.0,0.001953125,0.0009765625,0.0546875,0.0017857142857142859,True,10,False
evons,disinformation,auc,logreg_bert,xgboost_bert,10,1,10,-0.0007022582704774627,-0.0008833265052967665,-0.0005398618095446949,-0.98,0.001953125,0.0009765625,0.0546875,0.0017857142857142859,True,10,False
evons,disinformation,auc,logreg_bert,xgboost_mistral,10,1,10,0.0026832175089913533,0.0024494308549666945,0.002937264714370125,1.0,0.001953125,0.0009765625,0.0546875,0.0017857142857142859,True,10,False
evons,disinformation,auc,logreg_mistral,mlp_bert,10,1,10,-0.0014468307673713543,-0.0016330932391144248,-0.0012659080783075205,-1.0,0.001953125,0.0009765625,0.0546875,0.0017857142857142859,True,10,False
evons,disinformation,auc,logreg_mistral,mlp_mistral,10,1,10,-0.00231792968265373,-0.002470069825285004,-0.002165132255390445,-1.0,0.001953125,0.0009765625,0.0546875,0.0017857142857142859,True,10,False
evons,disinformation,auc,logreg_mistral,rf_bert,10,1,10,0.007869328322057157,0.0076421284867451145,0.008128793322640193,1.0,0.001953125,0.0009765625,0.0546875,0.0017857142857142859,True,10,False
evons,disinformation,auc,logreg_mistral,rf_mistral,10,1,10,0.012873879537832821,0.012535699899555941,0.013194208862467294,1.0,0.001953125,0.0009765625,0.0546875,0.0017857142857142859,True,10,False
evons,disinformation,auc,logreg_mistral,xgboost_bert,10,1,10,0.000490308719430832,0.0003698725176371154,0.0006214827048852345,0.92,0.001953125,0.0009765625,0.0546875,0.0017857142857142859,True,10,False
evons,disinformation,auc,logreg_mistral,xgboost_mistral,10,1,10,0.0038757844988996483,0.0036642244282948377,0.004114572105084746,1.0,0.001953125,0.0009765625,0.0546875,0.0017857142857142859,True,10,False
evons,disinformation,auc,mlp_bert,mlp_mistral,10,1,10,-0.0008710989152823756,-0.0010763161018607747,-0.0007052646636038107,-1.0,0.001953125,0.0009765625,0.0546875,0.0017857142857142859,True,10,False
evons,disinformation,auc,mlp_bert,rf_bert,10,1,10,0.00931615908942851,0.009103279209912519,0.00952974632131649,1.0,0.001953125,0.0009765625,0.0546875,0.0017857142857142859,True,10,False
evons,disinformation,auc,mlp_bert,rf_mistral,10,1,10,0.014320710305204177,0.013857434090041209,0.01476927941286137,1.0,0.001953125,0.0009765625,0.0546875,0.0017857142857142859,True,10,False
evons,disinformation,auc,mlp_bert,xgboost_bert,10,1,10,0.0019371394868021863,0.0017310618337169847,0.002130242609055544,1.0,0.001953125,0.0009765625,0.0546875,0.0017857142857142859,True,10,False
evons,disinformation,auc,mlp_bert,xgboost_mistral,10,1,10,0.005322615266271003,0.004990337799472733,0.005669616723882598,1.0,0.001953125,0.0009765625,0.0546875,0.0017857142857142859,True,10,False
evons,disinformation,auc,mlp_mistral,rf_bert,10,1,10,0.010187258004710886,0.009986471230931082,0.010387477732227113,1.0,0.001953125,0.0009765625,0.0546875,0.0017857142857142859,True,10,False
evons,disinformation,auc,mlp_mistral,rf_mistral,10,1,10,0.015191809220486551,0.014791620686336682,0.015573596113672029,1.0,0.001953125,0.0009765625,0.0546875,0.0017857142857142859,True,10,False
evons,disinformation,auc,mlp_mistral,xgboost_bert,10,1,10,0.002808238402084562,0.0027147066242937832,0.002902609687793245,1.0,0.001953125,0.0009765625,0.0546875,0.0017857142857142859,True,10,False
evons,disinformation,auc,mlp_mistral,xgboost_mistral,10,1,10,0.006193714181553378,0.005967438852880547,0.006437479452577821,1.0,0.001953125,0.0009765625,0.0546875,0.0017857142857142859,True,10,False
evons,disinformation,auc,rf_bert,rf_mistral,10,1,10,0.005004551215775666,0.004497828428218165,0.005494310936616597,1.0,0.001953125,0.0009765625,0.0546875,0.0017857142857142859,True,10,False
evons,disinformation,auc,rf_bert,xgboost_bert,10,1,10,-0.007379019602626324,-0.0075626325594354785,-0.0071981324267268885,-1.0,0.001953125,0.0009765625,0.0546875,0.0017857142857142859,True,10,False
evons,disinformation,auc,rf_bert,xgboost_mistral,10,1,10,-0.003993543823157508,-0.00433109645031945,-0.00363186087409314,-1.0,0.001953125,0.0009765625,0.0546875,0.0017857142857142859,True,10,False
evons,disinformation,auc,rf_mistral,xgboost_bert,10,1,10,-0.01238357081840199,-0.012756046276331211,-0.011997963640224974,-1.0,0.001953125,0.0009765625,0.0546875,0.0017857142857142859,True,10,False
evons,disinformation,auc,rf_mistral,xgboost_mistral,10,1,10,-0.008998095038933174,-0.009258720912462482,-0.008747337167629422,-1.0,0.001953125,0.0009765625,0.0546875,0.0017857142857142859,True,10,False
evons,disinformation,auc,xgboost_bert,xgboost_mistral,10,1,10,0.003385475779468816,0.003176295673058549,0.0036547785087603034,1.0,0.001953125,0.0009765625,0.0546875,0.0017857142857142859,True,10,False
evons,disinformation,f1,logreg_bert,logreg_mistral,10,1,10,-0.004083645753069631,-0.00518384911179286,-0.003037304388851547,-1.0,0.001953125,0.0009765625,0.0546875,0.0017857142857142859,True,10,False
evons,disinformation,f1,logreg_bert,mlp_bert,10,1,10,-0.012240257919258557,-0.013547464303572222,-0.010858432817767893,-1.0,0.001953125,0.0009765625,0.0546875,0.0017857142857142859,True,10,False
evons,disinformation,f1,logreg_bert,mlp_mistral,10,1,10,-0.020028715078838678,-0.021284946101963097,-0.0187957900249478,-1.0,0.001953125,0.0009765625,0.0546875,0.0017857142857142859,True,10,False
evons,disinformation,f1,logreg_bert,rf_bert,10,1,10,0.024516451446309317,0.023595470924292504,0.025435221570196433,1.0,0.001953125,0.0009765625,0.0546875,0.0017857142857142859,True,10,False
evons,disinformation,f1,logreg_bert,rf_mistral,10,1,10,0.046427888624994494,0.04509295199273096,0.04790434859498829,1.0,0.001953125,0.0009765625,0.0546875,0.0017857142857142859,True,10,False
evons,disinformation,f1,logreg_bert,xgboost_bert,10,1,10,-0.0012386073235739592,-0.0018997754025561475,-0.0005664281050732467,-0.5,0.01171875,0.0009765625,0.0546875,0.0017857142857142859,True,10,False
evons,disinformation,f1,logreg_bert,xgboost_mistral,10,1,10,0.013406602606548246,0.012228402287469752,0.01453268179394045,1.0,0.001953125,0.0009765625,0.0546875,0.0017857142857142859,True,10,False
evons,disinformation,f1,logreg_mistral,mlp_bert,10,1,10,-0.008156612166188926,-0.009842744837657546,-0.006603558054462344,-1.0,0.001953125,0.0009765625,0.0546875,0.0017857142857142859,True,10,False
evons,disinformation,f1,logreg_mistral,mlp_mistral,10,1,10,-0.015945069325769046,-0.01716388129799843,-0.014729505318965875,-1.0,0.001953125,0.0009765625,0.0546875,0.0017857142857142859,True,10,False
evons,disinformation,f1,logreg_mistral,rf_bert,10,1,10,0.02860009719937895,0.02756071822232481,0.029709205709251195,1.0,0.001953125,0.0009765625,0.0546875,0.0017857142857142859,True,10,False
evons,disinformation,f1,logreg_mistral,rf_mistral,10,1,10,0.050511534378064125,0.049425353970453265,0.05165480029132136,1.0,0.001953125,0.0009765625,0.0546875,0.0017857142857142859,True,10,False
evons,disinformation,f1,logreg_mistral,xgboost_bert,10,1,10,0.002845038429495672,0.0021427929128494784,0.0036664429332247672,0.92,0.001953125,0.0009765625,0.0546875,0.0017857142857142859,True,10,False
evons,disinformation,f1,logreg_mistral,xgboost_mistral,10,1,10,0.017490248359617877,0.0166823346957486,0.01831134117635246,1.0,0.001953125,0.0009765625,0.0546875,0.0017857142857142859,True,10,False
evons,disinformation,f1,mlp_bert,mlp_mistral,10,1,10,-0.00778845715958012,-0.009144473680290376,-0.006504658710646561,-1.0,0.001953125,0.0009765625,0.0546875,0.0017857142857142859,True,10,False
evons,disinformation,f1,mlp_bert,rf_bert,10,1,10,0.03675670936556787,0.03564670135488731,0.03792552091193265,1.0,0.001953125,0.0009765625,0.0546875,0.0017857142857142859,True,10,False
evons,disinformation,f1,mlp_bert,rf_mistral,10,1,10,0.05866814654425305,0.05669414005797537,0.06046091878116011,1.0,0.001953125,0.0009765625,0.0546875,0.0017857142857142859,True,10,False
evons,disinformation,f1,mlp_bert,xgboost_bert,10,1,10,0.011001650595684597,0.009377772614597324,0.012680403083968738,1.0,0.001953125,0.0009765625,0.0546875,0.0017857142857142859,True,10,False
evons,disinformation,f1,mlp_bert,xgboost_mistral,10,1,10,0.0256468605258068,0.023894097283112058,0.027270723163067945,1.0,0.001953125,0.0009765625,0.0546875,0.0017857142857142859,True,10,False
evons,disinformation,f1,mlp_mistral,rf_bert,10,1,10,0.04454516652514799,0.04371156628924253,0.045364142937473075,1.0,0.001953125,0.0009765625,0.0546875,0.0017857142857142859,True,10,False
evons,disinformation,f1,mlp_mistral,rf_mistral,10,1,10,0.06645660370383318,0.06482588965823374,0.06786999681421005,1.0,0.001953125,0.0009765625,0.0546875,0.0017857142857142859,True,10,False
evons,disinformation,f1,mlp_mistral,xgboost_bert,10,1,10,0.01879010775526472,0.017538664579327755,0.01999202982195728,1.0,0.001953125,0.0009765625,0.0546875,0.0017857142857142859,True,10,False
evons,disinformation,f1,mlp_mistral,xgboost_mistral,10,1,10,0.03343531768538692,0.032191916087116315,0.0345482562186787,1.0,0.001953125,0.0009765625,0.0546875,0.0017857142857142859,True,10,False
evons,disinformation,f1,rf_bert,rf_mistral,10,1,10,0.021911437178685177,0.020197702740585344,0.023474835124605575,1.0,0.001953125,0.0009765625,0.0546875,0.0017857142857142859,True,10,False
evons,disinformation,f1,rf_bert,xgboost_bert,10,1,10,-0.025755058769883276,-0.026736598233476173,-0.02486947244512504,-1.0,0.001953125,0.0009765625,0.0546875,0.0017857142857142859,True,10,False
evons,disinformation,f1,rf_bert,xgboost_mistral,10,1,10,-0.011109848839761072,-0.012368268219013222,-0.010087749809939461,-1.0,0.001953125,0.0009765625,0.0546875,0.0017857142857142859,True,10,False
evons,disinformation,f1,rf_mistral,xgboost_bert,10,1,10,-0.047666495948568456,-0.048965685008293146,-0.046489401711090436,-1.0,0.001953125,0.0009765625,0.0546875,0.0017857142857142859,True,10,False
evons,disinformation,f1,rf_mistral,xgboost_mistral,10,1,10,-0.03302128601844625,-0.03402087543313505,-0.032163097428082196,-1.0,0.001953125,0.0009765625,0.0546875,0.0017857142857142859,True,10,False
evons,disinformation,f1,xgboost_bert,xgboost_mistral,10,1,10,0.014645209930122204,0.013766765444823525,0.0155547178740169,1.0,0.001953125,0.0009765625,0.0546875,0.0017857142857142859,True,10,False
evons,disinformation,precision,logreg_bert,logreg_mistral,10,1,10,-0.003908493049058814,-0.0051676371966648425,-0.0028854397725240457,-0.94,0.001953125,0.0009765625,0.0546875,0.0017857142857142859,True,10,False
evons,disinformation,precision,logreg_bert,mlp_bert,10,1,10,-0.009974047998782532,-0.014247558142140949,-0.004953873980310719,-0.68,0.01171875,0.0009765625,0.0546875,0.0017857142857142859,True,10,False
evons,disinformation,precision,logreg_bert,mlp_mistral,10,1,10,-0.014439097589293393,-0.017766380615747125,-0.010928185025111791,-1.0,0.001953125,0.0009765625,0.0546875,0.0017857142857142859,True,10,False
evons,disinformation,precision,logreg_bert,rf_bert,10,1,10,0.020893912567630436,0.019174518297500654,0.022586092747521137,1.0,0.001953125,0.0009765625,0.0546875,0.0017857142857142859,True,10,False
evons,disinformation,precision,logreg_bert,rf_mistral,10,1,10,0.011129448574828272,0.00988997882788839,0.012387844492996725,1.0,0.001953125,0.0009765625,0.0546875,0.0017857142857142859,True,10,False
evons,disinformation,precision,logreg_bert,xgboost_mistral,10,1,10,0.007190046881430068,0.005986264382317574,0.008141209073716038,1.0,0.001953125,0.0009765625,0.0546875,0.0017857142857142859,True,10,False
evons,disinformation,precision,logreg_mistral,mlp_mistral,10,1,10,-0.010530604540234578,-0.013815939305675585,-0.007270829128008194,-0.96,0.001953125,0.0009765625,0.0546875,0.0017857142857142859,True,10,False
evons,disinformation,precision,logreg_mistral,rf_bert,10,1,10,0.024802405616689248,0.022849525599354402,0.026630174792601446,1.0,0.001953125,0.0009765625,0.0546875,0.0017857142857142859,True,10,False
evons,disinformation,precision,logreg_mistral,rf_mistral,10,1,10,0.015037941623887085,0.013654596955340659,0.016578192767454515,1.0,0.001953125,0.0009765625,0.0546875,0.0017857142857142859,True,10,False
evons,disinformation,precision,logreg_mistral,xgboost_bert,10,1,10,0.002799503760844091,0.001538149047374171,0.003926173148190571,0.78,0.005859375,0.0009765625,0.0546875,0.0017857142857142859,True,10,False
evons,disinformation,precision,logreg_mistral,xgboost_mistral,10,1,10,0.011098539930488881,0.010159509166811843,0.01217701394237165,1.0,0.001953125,0.0009765625,0.0546875,0.0017857142857142859,True,10,False
evons,disinformation,precision,mlp_bert,rf_bert,10,1,10,0.030867960566412965,0.025987852356150355,0.03546455209275098,1.0,0.001953125,0.0009765625,0.0546875,0.0017857142857142859,True,10,False
evons,disinformation,precision,mlp_bert,rf_mistral,10,1,10,0.021103496573610804,0.01558015736478886,0.02554384933158388,1.0,0.001953125,0.0009765625,0.0546875,0.0017857142857142859,True,10,False
evons,disinformation,precision,mlp_bert,xgboost_bert,10,1,10,0.008865058710567808,0.004415563196662786,0.012666739683858919,0.66,0.009765625,0.0009765625,0.0546875,0.0017857142857142859,True,10,False
evons,disinformation,precision,mlp_bert,xgboost_mistral,10,1,10,0.0171640948802126,0.011812226988970853,0.021604465913975357,0.84,0.00390625,0.0009765625,0.0546875,0.0017857142857142859,True,10,False
evons,disinformation,precision,mlp_mistral,rf_bert,10,1,10,0.035333010156923826,0.03091133103152448,0.03972773114803213,1.0,0.001953125,0.0009765625,0.0546875,0.0017857142857142859,True,10,False
evons,disinformation,precision,mlp_mistral,rf_mistral,10,1,10,0.025568546164121665,0.022492400601820717,0.02862040855795993,1.0,0.001953125,0.0009765625,0.0546875,0.0017857142857142859,True,10,False
evons,disinformation,precision,mlp_mistral,xgboost_bert,10,1,10,0.01333010830107867,0.0092255104261748,0.01716011040816805,1.0,0.001953125,0.0009765625,0.0546875,0.0017857142857142859,True,10,False
evons,disinformation,precision,mlp_mistral,xgboost_mistral,10,1,10,0.02162914447072346,0.018129717963302216,0.025075887508153382,1.0,0.001953125,0.0009765625,0.0546875,0.0017857142857142859,True,10,False
evons,disinformation,precision,rf_bert,rf_mistral,10,1,10,-0.009764463992802164,-0.011895157393368294,-0.007831040545645207,-1.0,0.001953125,0.0009765625,0.0546875,0.0017857142857142859,True,10,False
evons,disinformation,precision,rf_bert,xgboost_bert,10,1,10,-0.022002901855845157,-0.023570299387312244,-0.020460676080307383,-1.0,0.001953125,0.0009765625,0.0546875,0.0017857142857142859,True,10,False
evons,disinformation,precision,rf_bert,xgboost_mistral,10,1,10,-0.013703865686200366,-0.01576888611119779,-0.011728047017169951,-1.0,0.001953125,0.0009765625,0.0546875,0.0017857142857142859,True,10,False
evons,disinformation,precision,rf_mistral,xgboost_bert,10,1,10,-0.012238437863042994,-0.013766173451670027,-0.010623625760323585,-1.0,0.001953125,0.0009765625,0.0546875,0.0017857142857142859,True,10,False
evons,disinformation,precision,rf_mistral,xgboost_mistral,10,1,10,-0.003939401693398204,-0.004987764129381467,-0.0028653705188031566,-1.0,0.001953125,0.0009765625,0.0546875,0.0017857142857142859,True,10,False
evons,disinformation,precision,xgboost_bert,xgboost_mistral,10,1,10,0.00829903616964479,0.007007554284914464,0.009487585542966592,1.0,0.001953125,0.0009765625,0.0546875,0.0017857142857142859,True,10,False
evons,disinformation,precision,logreg_mistral,mlp_bert,10,1,10,-0.006065554949723717,-0.010620004052062305,-0.0008039677742060602,-0.54,0.05859375,0.0009765625,0.17578125,0.0017857142857142859,True,10,False
evons,disinformation,precision,logreg_bert,xgboost_bert,10,1,10,-0.0011089892882147235,-0.002215055804823862,3.7033938515929064e-05,-0.32,0.10546875,0.0009765625,0.2109375,0.0017857142857142859,True,10,False
evons,disinformation,precision,mlp_bert,mlp_mistral,10,1,10,-0.004465049590510861,-0.01087144657900102,0.0016473161769430145,-0.28,0.2265625,0.0009765625,0.2265625,0.0017857142857142859,True,10,False
evons,disinformation,recall,logreg_bert,logreg_mistral,10,1,10,-0.004254821741671533,-0.005341905318527185,-0.0029690239625949633,-0.96,0.00390625,0.0009765625,0.0546875,0.0017857142857142859,True,10,False
evons,disinformation,recall,logreg_bert,mlp_bert,10,1,10,-0.014587960257159572,-0.02008182349503217,-0.009164231443600268,-0.94,0.001953125,0.0009765625,0.0546875,0.0017857142857142859,True,10,False
evons,disinformation,recall,logreg_bert,mlp_mistral,10,1,10,-0.025622443015780226,-0.029047340736411444,-0.021624780829923973,-1.0,0.001953125,0.0009765625,0.0546875,0.0017857142857142859,True,10,False
evons,disinformation,recall,logreg_bert,rf_bert,10,1,10,0.028018702513150206,0.0260666277030976,0.02976037405026306,1.0,0.001953125,0.0009765625,0.0546875,0.0017857142857142859,True,10,False
evons,disinformation,recall,logreg_bert,rf_mistral,10,1,10,0.07848042080654588,0.07616598480420808,0.08075978959672706,1.0,0.001953125,0.0009765625,0.0546875,0.0017857142857142859,True,10,False
evons,disinformation,recall,logreg_bert,xgboost_mistral,10,1,10,0.01940385739333723,0.017615429573348895,0.0210637054354179,1.0,0.001953125,0.0009765625,0.0546875,0.0017857142857142859,True,10,False
evons,disinformation,recall,logreg_mistral,mlp_bert,10,1,10,-0.010333138515488038,-0.015686732904734112,-0.004757451782583311,-0.72,0.009765625,0.0009765625,0.0546875,0.0017857142857142859,True,10,False
evons,disinformation,recall,logreg_mistral,mlp_mistral,10,1,10,-0.021367621274108694,-0.025271770894213896,-0.016925774400935067,-1.0,0.001953125,0.0009765625,0.0546875,0.0017857142857142859,True,10,False
evons,disinformation,recall,logreg_mistral,rf_bert,10,1,10,0.03227352425482174,0.03047340736411456,0.03395675043834018,1.0,0.001953125,0.0009765625,0.0546875,0.0017857142857142859,True,10,False
evons,disinformation,recall,logreg_mistral,rf_mistral,10,1,10,0.08273524254821742,0.08094681472822914,0.0846990064289889,1.0,0.001953125,0.0009765625,0.0546875,0.0017857142857142859,True,10,False
evons,disinformation,recall,logreg_mistral,xgboost_bert,10,1,10,0.0028872004675628226,0.002033898305084736,0.0039041496201051794,0.82,0.001953125,0.0009765625,0.0546875,0.0017857142857142859,True,10,False
evons,disinformation,recall,logreg_mistral,xgboost_mistral,10,1,10,0.023658679135008763,0.02222092343658679,0.025131502045587395,1.0,0.001953125,0.0009765625,0.0546875,0.0017857142857142859,True,10,False
evons,disinformation,recall,mlp_bert,mlp_mistral,10,1,10,-0.011034482758620656,-0.01662185856224425,-0.005762711864406756,-0.71,0.00390625,0.0009765625,0.0546875,0.0017857142857142859,True,10,False
evons,disinformation,recall,mlp_bert,rf_bert,10,1,10,0.04260666277030978,0.03732320280537701,0.04741087083576858,1.0,0.001953125,0.0009765625,0.0546875,0.0017857142857142859,True,10,False
evons,disinformation,recall,mlp_bert,rf_mistral,10,1,10,0.09306838106370545,0.08746931618936296,0.09851548801870254,1.0,0.001953125,0.0009765625,0.0546875,0.0017857142857142859,True,10,False
evons,disinformation,recall,mlp_bert,xgboost_bert,10,1,10,0.013220338983050861,0.007773232028053778,0.01843366452367039,0.87,0.00390625,0.0009765625,0.0546875,0.0017857142857142859,True,10,False
evons,disinformation,recall,mlp_bert,xgboost_mistral,10,1,10,0.0339918176504968,0.02813559322033902,0.039614260666277046,1.0,0.001953125,0.0009765625,0.0546875,0.0017857142857142859,True,10,False
evons,disinformation,recall,mlp_mistral,rf_bert,10,1,10,0.053641145528930435,0.04990064289888953,0.057066043249561646,1.0,0.001953125,0.0009765625,0.0546875,0.0017857142857142859,True,10,False
evons,disinformation,recall,mlp_mistral,rf_mistral,10,1,10,0.10410286382232611,0.09897136177673872,0.10868497954412623,1.0,0.001953125,0.0009765625,0.0546875,0.0017857142857142859,True,10,False
evons,disinformation,recall,mlp_mistral,xgboost_bert,10,1,10,0.02425482174167152,0.01983635300993567,0.02808883693746349,1.0,0.001953125,0.0009765625,0.0546875,0.0017857142857142859,True,10,False
evons,disinformation,recall,mlp_mistral,xgboost_mistral,10,1,10,0.04502630040911746,0.04023378141437754,0.04894213909994154,1.0,0.001953125,0.0009765625,0.0546875,0.0017857142857142859,True,10,False
evons,disinformation,recall,rf_bert,rf_mistral,10,1,10,0.05046171829339567,0.04790181180596146,0.05322033898305083,1.0,0.001953125,0.0009765625,0.0546875,0.0017857142857142859,True,10,False
evons,disinformation,recall,rf_bert,xgboost_bert,10,1,10,-0.029386323787258917,-0.03063705435417886,-0.028030391583869073,-1.0,0.001953125,0.0009765625,0.0546875,0.0017857142857142859,True,10,False
evons,disinformation,recall,rf_bert,xgboost_mistral,10,1,10,-0.008614845119812975,-0.010508474576271165,-0.006686148451198093,-1.0,0.001953125,0.0009765625,0.0546875,0.0017857142857142859,True,10,False
evons,disinformation,recall,rf_mistral,xgboost_bert,10,1,10,-0.07984804208065459,-0.08202220923436586,-0.07761542957334894,-1.0,0.001953125,0.0009765625,0.0546875,0.0017857142857142859,True,10,False
evons,disinformation,recall,rf_mistral,xgboost_mistral,10,1,10,-0.059076563413208646,-0.060397428404441844,-0.05780245470485097,-1.0,0.001953125,0.0009765625,0.0546875,0.0017857142857142859,True,10,False
evons,disinformation,recall,xgboost_bert,xgboost_mistral,10,1,10,0.020771478667445942,0.018994739918176497,0.022489772063120993,1.0,0.001953125,0.0009765625,0.0546875,0.0017857142857142859,True,10,False
evons,disinformation,recall,logreg_bert,xgboost_bert,10,1,10,-0.0013676212741087102,-0.0025014611338398775,-0.0001753360607831822,-0.56,0.05859375,0.0009765625,0.05859375,0.0017857142857142859,True,10,False
evons,virality,accuracy,gating_bert,mlp_avg_eng,10,1,10,-0.0005754544476712752,-0.0008067118425298502,-0.00036570936861352044,-0.87,0.00390625,0.0009765625,0.0390625,0.005,True,8,True
evons,virality,accuracy,mlp_avg_eng,mlp_text,10,1,10,0.0006507475529740625,0.000381843605464105,0.0008820049478326375,0.88,0.00390625,0.0009765625,0.0390625,0.005,True,8,True
evons,virality,accuracy,mlp_source,mlp_text,10,1,10,0.00061310100032268,0.00038722168441432945,0.0008174680004302548,0.9,0.00390625,0.0009765625,0.0390625,0.005,True,8,True
evons,virality,accuracy,gating_bert,mlp_source,10,1,10,-0.0005378078950198928,-0.0007367968161772432,-0.00024739163170915955,-0.88,0.013671875,0.0009765625,0.095703125,0.005,True,8,False
evons,virality,accuracy,gating_bert,gating_mistral,10,1,10,-0.00027428202646013756,-0.001629557921910285,0.0012423362374959668,-0.36,0.7421875,0.0009765625,1.0,0.005,True,8,False
evons,virality,accuracy,gating_bert,mlp_text,10,1,10,7.529310530278721e-05,-0.00012369581585458533,0.0002742820264601487,0.1,0.53125,0.0009765625,1.0,0.005,True,8,False
evons,virality,accuracy,gating_mistral,mlp_avg_eng,10,1,10,-0.00030117242121113774,-0.001817790685167242,0.001032591158438212,0.07,0.712890625,0.0009765625,1.0,0.005,True,8,False
evons,virality,accuracy,gating_mistral,mlp_source,10,1,10,-0.00026352586855975523,-0.001812412606217073,0.001107884263740999,0.07,0.740234375,0.0009765625,1.0,0.005,True,8,False
evons,virality,accuracy,gating_mistral,mlp_text,10,1,10,0.00034957513176292476,-0.0010971281058405834,0.0016188017640098805,0.36,0.640625,0.0009765625,1.0,0.005,True,8,False
evons,virality,accuracy,mlp_avg_eng,mlp_source,10,1,10,3.76465526513825e-05,-0.0001398300527052032,0.00023125739485856388,-0.08,0.74609375,0.0009765625,1.0,0.005,True,8,False
evons,virality,auc,gating_bert,gating_mistral,10,1,10,-0.012771891314087536,-0.015021387890564075,-0.010577646534595586,-0.94,0.001953125,0.0009765625,0.01953125,0.005,True,8,True
evons,virality,auc,gating_bert,mlp_text,10,1,10,0.04037710804795854,0.03729460685483869,0.04319661458333333,1.0,0.001953125,0.0009765625,0.01953125,0.005,True,8,True
evons,virality,auc,gating_mistral,mlp_avg_eng,10,1,10,0.01348812237026643,0.011339788355150437,0.015571498315022525,0.98,0.001953125,0.0009765625,0.01953125,0.005,True,8,True
evons,virality,auc,gating_mistral,mlp_source,10,1,10,0.01093026823281904,0.007807843180224416,0.014808382519089901,0.94,0.001953125,0.0009765625,0.01953125,0.005,True,8,True
evons,virality,auc,gating_mistral,mlp_text,10,1,10,0.053148999362046076,0.04888698963690199,0.057254372540712126,1.0,0.001953125,0.0009765625,0.01953125,0.005,True,8,True
evons,virality,auc,mlp_avg_eng,mlp_text,10,1,10,0.03966087699177965,0.0374319343394499,0.04172939068100358,1.0,0.001953125,0.0009765625,0.01953125,0.005,True,8,True
evons,virality,auc,mlp_source,mlp_text,10,1,10,0.04221873112922704,0.03912607624279261,0.045214889405095826,1.0,0.001953125,0.0009765625,0.01953125,0.005,True,8,True
evons,virality,auc,mlp_avg_eng,mlp_source,10,1,10,-0.0025578541374473907,-0.004736305297452015,2.596557484024764e-05,-0.32,0.083984375,0.0009765625,0.251953125,0.005,True,8,False
evons,virality,auc,gating_bert,mlp_source,10,1,10,-0.0018416230812684953,-0.0035592377912186056,0.0007586659459248524,-0.38,0.162109375,0.0009765625,0.32421875,0.005,True,8,False
evons,virality,auc,gating_bert,mlp_avg_eng,10,1,10,0.0007162310561788954,-0.000778839410939669,0.0022854180058827778,0.06,0.427734375,0.0009765625,0.427734375,0.005,True,8,False
evons,virality,f1,gating_bert,gating_mistral,10,1,10,-0.3056177644287303,-0.334026170932383,-0.2786087253274783,-1.0,0.001953125,0.0009765625,0.01953125,0.005,True,8,True
evons,virality,f1,gating_bert,mlp_avg_eng,10,1,10,-0.08031097051482372,-0.11656728025230079,-0.0458527439700256,-0.94,0.00390625,0.0009765625,0.01953125,0.005,True,8,True
evons,virality,f1,gating_mistral,mlp_avg_eng,10,1,10,0.22530679391390654,0.17012743977217665,0.27526495745719587,1.0,0.001953125,0.0009765625,0.01953125,0.005,True,8,True
evons,virality,f1,gating_mistral,mlp_source,10,1,10,0.22792576138171455,0.1915932763151214,0.2658444531022182,1.0,0.001953125,0.0009765625,0.01953125,0.005,True,8,True
evons,virality,f1,gating_mistral,mlp_text,10,1,10,0.3060389021384481,0.27534167040086277,0.33537257030669454,1.0,0.001953125,0.0009765625,0.01953125,0.005,True,8,True
evons,virality,f1,mlp_avg_eng,mlp_text,10,1,10,0.08073210822454148,0.05513527574965245,0.10933769189826385,0.98,0.001953125,0.0009765625,0.01953125,0.005,True,8,True
evons,virality,f1,mlp_source,mlp_text,10,1,10,0.07811314075673344,0.04721410157047064,0.10861211812447044,0.89,0.001953125,0.0009765625,0.01953125,0.005,True,8,True
evons,virality,f1,gating_bert,mlp_source,10,1,10,-0.07769200304701569,-0.1135468845399497,-0.03702447303048923,-0.94,0.009765625,0.0009765625,0.029296875,0.005,True,8,True
evons,virality,f1,gating_bert,mlp_text,10,1,10,0.0004211377097177317,-0.011304485080837052,0.01626739727584698,-0.35,1.0,0.0009765625,1.0,0.005,True,8,False
evons,virality,f1,mlp_avg_eng,mlp_source,10,1,10,0.002618967467808042,-0.03754669799643508,0.04335243144910361,-0.02,0.91796875,0.0009765625,1.0,0.005,True,8,False
evons,virality,precision,gating_bert,mlp_avg_eng,10,1,10,-0.567250558332307,-0.6766393985434063,-0.43316721196339386,-0.88,0.001953125,0.0009765625,0.01953125,0.005,True,8,True
evons,virality,precision,gating_bert,mlp_source,10,1,10,-0.6032462433745815,-0.7075552825552827,-0.5215089386077201,-0.86,0.001953125,0.0009765625,0.01953125,0.005,True,8,True
evons,virality,precision,gating_bert,gating_mistral,10,1,10,-0.46145385303464276,-0.5554427011838154,-0.3186931181828455,-0.82,0.00390625,0.0009765625,0.03125,0.005,True,8,True
evons,virality,precision,gating_mistral,mlp_source,10,1,10,-0.14179239033993868,-0.25829973757128194,-0.043515129504303904,-0.74,0.015625,0.0009765625,0.109375,0.005,True,8,False
evons,virality,precision,gating_mistral,mlp_avg_eng,10,1,10,-0.10579670529766425,-0.1893982808229983,-0.025374723654826837,-0.66,0.04296875,0.0009765625,0.2578125,0.005,True,8,False
evons,virality,precision,mlp_avg_eng,mlp_text,10,1,10,0.317526446465338,0.032137359520102084,0.5847574375485802,0.44,0.06640625,0.0009765625,0.283203125,0.005,True,8,False
evons,virality,precision,mlp_source,mlp_text,10,1,10,0.35352213150761247,0.07379321007610481,0.6347065045340907,0.5,0.056640625,0.0009765625,0.283203125,0.005,True,8,False
evons,virality,precision,gating_bert,mlp_text,10,1,10,-0.249724111866969,-0.535026455026455,0.039863945578231294,-0.41,0.15625,0.0009765625,0.36328125,0.005,True,8,False
evons,virality,precision,gating_mistral,mlp_text,10,1,10,0.2117297411676738,-0.026554753613253167,0.42869313740302123,0.4,0.12109375,0.0009765625,0.36328125,0.005,True,8,False
evons,virality,precision,mlp_avg_eng,mlp_source,10,1,10,-0.03599568504227445,-0.12068641303183081,0.04852046325457075,-0.05,0.45703125,0.0009765625,0.45703125,0.005,True,8,False
evons,virality,recall,gating_bert,gating_mistral,10,1,10,-0.22591397849462366,-0.26107526881720433,-0.19440860215053762,-1.0,0.001953125,0.0009765625,0.01953125,0.005,True,8,True
evons,virality,recall,gating_bert,mlp_avg_eng,10,1,10,-0.04516129032258065,-0.06763440860215054,-0.024731182795698924,-0.94,0.00390625,0.0009765625,0.01953125,0.005,True,8,True
evons,virality,recall,gating_mistral,mlp_avg_eng,10,1,10,0.18075268817204299,0.13204301075268815,0.22870967741935483,1.0,0.001953125,0.0009765625,0.01953125,0.005,True,8,True
evons,virality,recall,gating_mistral,mlp_source,10,1,10,0.18247311827956988,0.14903225806451614,0.21526881720430108,1.0,0.001953125,0.0009765625,0.01953125,0.005,True,8,True
evons,virality,recall,gating_mistral,mlp_text,10,1,10,0.22623655913978488,0.1925806451612903,0.262258064516129,1.0,0.001953125,0.0009765625,0.01953125,0.005,True,8,True
evons,virality,recall,mlp_avg_eng,mlp_text,10,1,10,0.04548387096774194,0.029462365591397848,0.06397849462365592,0.98,0.001953125,0.0009765625,0.01953125,0.005,True,8,True
evons,virality,recall,mlp_source,mlp_text,10,1,10,0.04376344086021505,0.025913978494623652,0.06150537634408602,0.88,0.001953125,0.0009765625,0.01953125,0.005,True,8,True
evons,virality,recall,gating_bert,mlp_source,10,1,10,-0.043440860215053764,-0.06408602150537633,-0.02064516129032258,-0.94,0.009765625,0.0009765625,0.029296875,0.005,True,8,True
evons,virality,recall,gating_bert,mlp_text,10,1,10,0.0003225806451612901,-0.005806451612903225,0.008602150537634409,-0.35,1.0,0.0009765625,1.0,0.005,True,8,False
evons,virality,recall,mlp_avg_eng,mlp_source,10,1,10,0.0017204301075268845,-0.023118279569892475,0.02731182795698924,-0.01,0.91015625,0.0009765625,1.0,0.005,True,8,False
fakenewsnet,disinformation,accuracy,logreg_bert,logreg_mistral,10,1,10,0.058620689655172434,0.04137931034482763,0.07499999999999998,0.98,0.001953125,0.0009765625,0.0546875,0.0017857142857142859,True,10,False
fakenewsnet,disinformation,accuracy,logreg_mistral,mlp_bert,10,1,10,-0.0706896551724138,-0.08793103448275866,-0.05344827586206895,-1.0,0.001953125,0.0009765625,0.0546875,0.0017857142857142859,True,10,False
fakenewsnet,disinformation,accuracy,logreg_mistral,mlp_mistral,10,1,10,-0.07586206896551725,-0.09137931034482762,-0.06206896551724137,-1.0,0.001953125,0.0009765625,0.0546875,0.0017857142857142859,True,10,False
fakenewsnet,disinformation,accuracy,logreg_mistral,rf_bert,10,1,10,-0.07672413793103448,-0.08793103448275864,-0.06637931034482757,-1.0,0.001953125,0.0009765625,0.0546875,0.0017857142857142859,True,10,False
fakenewsnet,disinformation,accuracy,logreg_mistral,rf_mistral,10,1,10,-0.06034482758620692,-0.06982758620689658,-0.05172413793103449,-1.0,0.001953125,0.0009765625,0.0546875,0.0017857142857142859,True,10,False
fakenewsnet,disinformation,accuracy,logreg_mistral,xgboost_bert,10,1,10,-0.06120689655172414,-0.07413793103448277,-0.04913793103448275,-0.99,0.001953125,0.0009765625,0.0546875,0.0017857142857142859,True,10,False
fakenewsnet,disinformation,accuracy,logreg_mistral,xgboost_mistral,10,1,10,-0.052586206896551746,-0.06465517241379312,-0.0405172413793104,-0.95,0.001953125,0.0009765625,0.0546875,0.0017857142857142859,True,10,False
fakenewsnet,disinformation,accuracy,mlp_mistral,xgboost_mistral,10,1,10,0.0232758620689655,0.014655172413793105,0.03189655172413789,0.68,0.00390625,0.0009765625,0.08203125,0.0017857142857142859,True,10,False
fakenewsnet,disinformation,accuracy,rf_bert,rf_mistral,10,1,10,0.01637931034482757,0.007758620689655138,0.0293103448275862,0.54,0.00390625,0.0009765625,0.08203125,0.0017857142857142859,True,10,False
fakenewsnet,disinformation,accuracy,rf_bert,xgboost_mistral,10,1,10,0.02413793103448274,0.012068965517241381,0.03965517241379309,0.66,0.00390625,0.0009765625,0.08203125,0.0017857142857142859,True,10,False
fakenewsnet,disinformation,accuracy,mlp_mistral,rf_mistral,10,1,10,0.01551724137931033,0.0077586206896551714,0.0232758620689655,0.53,0.009765625,0.0009765625,0.17578125,0.0017857142857142859,True,10,False
fakenewsnet,disinformation,accuracy,rf_bert,xgboost_bert,10,1,10,0.015517241379310343,0.0077586206896551714,0.0232758620689655,0.44,0.01171875,0.0009765625,0.19921875,0.0017857142857142859,True,10,False
fakenewsnet,disinformation,accuracy,logreg_bert,rf_bert,10,1,10,-0.018103448275862057,-0.02931034482758622,-0.006896551724137922,-0.46,0.01953125,0.0009765625,0.3125,0.0017857142857142859,True,10,False
fakenewsnet,disinformation,accuracy,rf_mistral,xgboost_mistral,10,1,10,0.0077586206896551714,0.0025862068965517237,0.012931034482758608,0.21,0.0390625,0.0009765625,0.5859375,0.0017857142857142859,True,10,False
fakenewsnet,disinformation,accuracy,logreg_bert,mlp_mistral,10,1,10,-0.017241379310344817,-0.030172413793103425,-0.0034482758620689724,-0.46,0.05078125,0.0009765625,0.7109375,0.0017857142857142859,True,10,False
fakenewsnet,disinformation,accuracy,mlp_bert,xgboost_mistral,10,1,10,0.018103448275862057,0.0017241379310344973,0.037068965517241335,0.43,0.078125,0.0009765625,0.96484375,0.0017857142857142859,True,10,False
fakenewsnet,disinformation,accuracy,mlp_mistral,xgboost_bert,10,1,10,0.014655172413793105,0.002586206896551713,0.02586206896551726,0.45,0.07421875,0.0009765625,0.96484375,0.0017857142857142859,True,10,False
fakenewsnet,disinformation,accuracy,logreg_bert,mlp_bert,10,1,10,-0.01206896551724137,-0.024137931034482762,-0.0008620689655172153,-0.29,0.125,0.0009765625,1.0,0.0017857142857142859,True,10,False
fakenewsnet,disinformation,accuracy,logreg_bert,rf_mistral,10,1,10,-0.0017241379310344862,-0.015517241379310353,0.013793103448275845,-0.03,0.8828125,0.0009765625,1.0,0.0017857142857142859,True,10,False
fakenewsnet,disinformation,accuracy,logreg_bert,xgboost_bert,10,1,10,-0.002586206896551713,-0.014655172413793105,0.00862068965517242,-0.07,0.7890625,0.0009765625,1.0,0.0017857142857142859,True,10,False
fakenewsnet,disinformation,accuracy,logreg_bert,xgboost_mistral,10,1,10,0.006034482758620685,-0.009482758620689636,0.02327586206896549,0.16,0.6015625,0.0009765625,1.0,0.0017857142857142859,True,10,False
fakenewsnet,disinformation,accuracy,mlp_bert,mlp_mistral,10,1,10,-0.005172413793103447,-0.018103448275862057,0.00862068965517242,-0.19,0.546875,0.0009765625,1.0,0.0017857142857142859,True,10,False
fakenewsnet,disinformation,accuracy,mlp_bert,rf_bert,10,1,10,-0.006034482758620685,-0.014655172413793095,0.002586206896551735,-0.18,0.28125,0.0009765625,1.0,0.0017857142857142859,True,10,False
fakenewsnet,disinformation,accuracy,mlp_bert,rf_mistral,10,1,10,0.010344827586206884,-0.0034482758620689724,0.026724137931034463,0.29,0.3046875,0.0009765625,1.0,0.0017857142857142859,True,10,False
fakenewsnet,disinformation,accuracy,mlp_bert,xgboost_bert,10,1,10,0.009482758620689657,-0.002586206896551713,0.0206896551724138,0.2,0.19921875,0.0009765625,1.0,0.0017857142857142859,True,10,False
fakenewsnet,disinformation,accuracy,mlp_mistral,rf_bert,10,1,10,-0.0008620689655172376,-0.013793103448275857,0.011206896551724133,-0.01,0.9765625,0.0009765625,1.0,0.0017857142857142859,True,10,False
fakenewsnet,disinformation,accuracy,rf_mistral,xgboost_bert,10,1,10,-0.0008620689655172264,-0.012931034482758619,0.00948275862068968,-0.05,0.9921875,0.0009765625,1.0,0.0017857142857142859,True,10,False
fakenewsnet,disinformation,accuracy,xgboost_bert,xgboost_mistral,10,1,10,0.008620689655172398,-0.005172413793103481,0.024137931034482706,0.28,0.375,0.0009765625,1.0,0.0017857142857142859,True,10,False
fakenewsnet,disinformation,auc,logreg_mistral,xgboost_mistral,10,1,10,0.021834215167548486,0.012592592592592499,0.0325925925925926,0.58,0.001953125,0.0009765625,0.0546875,0.0017857142857142859,True,10,False
fakenewsnet,disinformation,auc,mlp_mistral,xgboost_mistral,10,1,10,0.02038800705467373,0.011428571428571422,0.03058201058201059,0.47,0.00390625,0.0009765625,0.10546875,0.0017857142857142859,True,10,False
fakenewsnet,disinformation,auc,xgboost_bert,xgboost_mistral,10,1,10,0.015343915343915337,0.007865961199294547,0.024585537918871248,0.36,0.00390625,0.0009765625,0.10546875,0.0017857142857142859,True,10,False
fakenewsnet,disinformation,auc,logreg_mistral,rf_mistral,10,1,10,0.025784832451499096,0.013368606701940011,0.0386243386243386,0.54,0.005859375,0.0009765625,0.146484375,0.0017857142857142859,True,10,False
fakenewsnet,disinformation,auc,mlp_mistral,rf_mistral,10,1,10,0.024338624338624337,0.012328042328042299,0.036490299823633186,0.5,0.0078125,0.0009765625,0.1875,0.0017857142857142859,True,10,False
fakenewsnet,disinformation,auc,rf_bert,rf_mistral,10,1,10,0.014197530864197528,0.00601410934744272,0.022416225749559104,0.28,0.009765625,0.0009765625,0.224609375,0.0017857142857142859,True,10,False
fakenewsnet,disinformation,auc,rf_mistral,xgboost_bert,10,1,10,-0.019294532627865946,-0.029964726631393258,-0.00881834215167544,-0.38,0.009765625,0.0009765625,0.224609375,0.0017857142857142859,True,10,False
fakenewsnet,disinformation,auc,logreg_bert,logreg_mistral,10,1,10,-0.011781305114638475,-0.01961199294532633,-0.004585537918871252,-0.44,0.013671875,0.0009765625,0.287109375,0.0017857142857142859,True,10,False
fakenewsnet,disinformation,auc,mlp_bert,xgboost_mistral,10,1,10,0.01453262786596119,0.005855379188712495,0.024268077601410885,0.34,0.013671875,0.0009765625,0.287109375,0.0017857142857142859,True,10,False
fakenewsnet,disinformation,auc,logreg_mistral,xgboost_bert,10,1,10,0.00649029982363315,0.0022927689594356426,0.010194003527336825,0.22,0.01953125,0.0009765625,0.37109375,0.0017857142857142859,True,10,False
fakenewsnet,disinformation,auc,mlp_bert,rf_mistral,10,1,10,0.018483245149911797,0.007054673721340365,0.029876543209876538,0.4,0.021484375,0.0009765625,0.38671875,0.0017857142857142859,True,10,False
fakenewsnet,disinformation,auc,logreg_mistral,mlp_bert,10,1,10,0.007301587301587298,0.002292768959435576,0.012522045855379183,0.24,0.0234375,0.0009765625,0.3984375,0.0017857142857142859,True,10,False
fakenewsnet,disinformation,auc,logreg_mistral,rf_bert,10,1,10,0.011587301587301568,0.0038271604938271307,0.019365079365079352,0.26,0.0234375,0.0009765625,0.3984375,0.0017857142857142859,True,10,False
fakenewsnet,disinformation,auc,rf_bert,xgboost_mistral,10,1,10,0.01024691358024692,0.003262786596119982,0.01786596119929452,0.25,0.025390625,0.0009765625,0.3984375,0.0017857142857142859,True,10,False
fakenewsnet,disinformation,auc,mlp_mistral,rf_bert,10,1,10,0.01014109347442681,0.002416225749559042,0.017971781305114697,0.2,0.041015625,0.0009765625,0.57421875,0.0017857142857142859,True,10,False
fakenewsnet,disinformation,auc,logreg_bert,mlp_mistral,10,1,10,-0.010335097001763716,-0.018589065255731972,-0.002786596119929474,-0.41,0.044921875,0.0009765625,0.583984375,0.0017857142857142859,True,10,False
fakenewsnet,disinformation,auc,logreg_bert,rf_mistral,10,1,10,0.014003527336860621,0.0024514991181657344,0.025079365079365055,0.26,0.0546875,0.0009765625,0.65625,0.0017857142857142859,True,10,False
fakenewsnet,disinformation,auc,logreg_bert,mlp_bert,10,1,10,-0.004479717813051176,-0.008430335097001796,-0.0008465608465608732,-0.16,0.060546875,0.0009765625,0.666015625,0.0017857142857142859,True,10,False
fakenewsnet,disinformation,auc,logreg_bert,xgboost_bert,10,1,10,-0.005291005291005324,-0.011040564373897744,0.0002116402116401961,-0.11,0.125,0.0009765625,0.666015625,0.0017857142857142859,True,10,False
fakenewsnet,disinformation,auc,logreg_bert,xgboost_mistral,10,1,10,0.010052910052910013,0.0013756613756613079,0.019188712522045827,0.18,0.0703125,0.0009765625,0.666015625,0.0017857142857142859,True,10,False
fakenewsnet,disinformation,auc,logreg_mistral,mlp_mistral,10,1,10,0.0014462081128747584,0.0002116402116401739,0.0027160493827160016,0.18,0.072265625,0.0009765625,0.666015625,0.0017857142857142859,True,10,False
fakenewsnet,disinformation,auc,mlp_bert,mlp_mistral,10,1,10,-0.0058553791887125395,-0.011887125220458572,-0.0002116402116402183,-0.1,0.08984375,0.0009765625,0.666015625,0.0017857142857142859,True,10,False
fakenewsnet,disinformation,auc,mlp_bert,rf_bert,10,1,10,0.00428571428571427,-0.0012522045855379415,0.0102821869488536,0.06,0.212890625,0.0009765625,0.666015625,0.0017857142857142859,True,10,False
fakenewsnet,disinformation,auc,mlp_mistral,xgboost_bert,10,1,10,0.005044091710758392,0.0005643738977072488,0.00895943562610232,0.18,0.06640625,0.0009765625,0.666015625,0.0017857142857142859,True,10,False
fakenewsnet,disinformation,auc,rf_bert,xgboost_bert,10,1,10,-0.005097001763668419,-0.01019400352733687,-0.0003350970017636179,-0.08,0.103515625,0.0009765625,0.666015625,0.0017857142857142859,True,10,False
fakenewsnet,disinformation,auc,rf_mistral,xgboost_mistral,10,1,10,-0.003950617283950608,-0.008165784832451516,0.0008465608465608176,-0.06,0.140625,0.0009765625,0.666015625,0.0017857142857142859,True,10,False
fakenewsnet,disinformation,auc,logreg_bert,rf_bert,10,1,10,-0.00019400352733690563,-0.007001763668430428,0.006172839506172756,-0.02,0.955078125,0.0009765625,1.0,0.0017857142857142859,True,10,False
fakenewsnet,disinformation,auc,mlp_bert,xgboost_bert,10,1,10,-0.0008112874779541479,-0.004303350970017661,0.0025044091710758275,-0.07,0.671875,0.0009765625,1.0,0.0017857142857142859,True,10,False
fakenewsnet,disinformation,f1,logreg_bert,logreg_mistral,10,1,10,0.14490573778421015,0.10689689999123728,0.18276385826616495,1.0,0.001953125,0.0009765625,0.0546875,0.0017857142857142859,True,10,False
fakenewsnet,disinformation,f1,logreg_mistral,mlp_bert,10,1,10,-0.17411820671502576,-0.2160751038096575,-0.1329575641981239,-1.0,0.001953125,0.0009765625,0.0546875,0.0017857142857142859,True,10,False
fakenewsnet,disinformation,f1,logreg_mistral,mlp_mistral,10,1,10,-0.18194401816157768,-0.22158140217256234,-0.14694013058988425,-1.0,0.001953125,0.0009765625,0.0546875,0.0017857142857142859,True,10,False
fakenewsnet,disinformation,f1,logreg_mistral,rf_bert,10,1,10,-0.18549688486588062,-0.2136973386816213,-0.1596852621503932,-1.0,0.001953125,0.0009765625,0.0546875,0.0017857142857142859,True,10,False
fakenewsnet,disinformation,f1,logreg_mistral,rf_mistral,10,1,10,-0.15133316179174292,-0.17673762135374,-0.12969022521180654,-1.0,0.001953125,0.0009765625,0.0546875,0.0017857142857142859,True,10,False
fakenewsnet,disinformation,f1,logreg_mistral,xgboost_bert,10,1,10,-0.15985020023230626,-0.19338934410503056,-0.13170074914371205,-1.0,0.001953125,0.0009765625,0.0546875,0.0017857142857142859,True,10,False
fakenewsnet,disinformation,f1,logreg_mistral,xgboost_mistral,10,1,10,-0.14241409612385966,-0.17352057249349395,-0.11530503209795992,-1.0,0.001953125,0.0009765625,0.0546875,0.0017857142857142859,True,10,False
fakenewsnet,disinformation,f1,rf_bert,rf_mistral,10,1,10,0.03416372307413775,0.016843404453125998,0.05888260659360084,0.56,0.00390625,0.0009765625,0.08203125,0.0017857142857142859,True,10,False
fakenewsnet,disinformation,f1,rf_bert,xgboost_mistral,10,1,10,0.043082788742021,0.020482751952734513,0.07315733438100334,0.64,0.00390625,0.0009765625,0.08203125,0.0017857142857142859,True,10,False
fakenewsnet,disinformation,f1,mlp_mistral,xgboost_mistral,10,1,10,0.039529922037718025,0.021854663108004335,0.05713541896175302,0.59,0.005859375,0.0009765625,0.111328125,0.0017857142857142859,True,10,False
fakenewsnet,disinformation,f1,logreg_bert,rf_bert,10,1,10,-0.0405911470816705,-0.06377799807977837,-0.018364796803661366,-0.56,0.0078125,0.0009765625,0.140625,0.0017857142857142859,True,10,False
fakenewsnet,disinformation,f1,mlp_mistral,rf_mistral,10,1,10,0.030610856369834783,0.013577979661153882,0.0483377501273195,0.52,0.009765625,0.0009765625,0.166015625,0.0017857142857142859,True,10,False
fakenewsnet,disinformation,f1,rf_bert,xgboost_bert,10,1,10,0.02564668463357439,0.010866089906851029,0.04021201727882271,0.41,0.015625,0.0009765625,0.25,0.0017857142857142859,True,10,False
fakenewsnet,disinformation,f1,logreg_bert,mlp_mistral,10,1,10,-0.037038280377367526,-0.061566782131614414,-0.011736257687738127,-0.5,0.02734375,0.0009765625,0.41015625,0.0017857142857142859,True,10,False
fakenewsnet,disinformation,f1,logreg_bert,mlp_bert,10,1,10,-0.029212468930815604,-0.05486541734096552,-0.004421588558815681,-0.37,0.0625,0.0009765625,0.875,0.0017857142857142859,True,10,False
fakenewsnet,disinformation,f1,logreg_bert,rf_mistral,10,1,10,-0.0064274240075327446,-0.03450348710429356,0.024238577876327903,-0.09,0.712890625,0.0009765625,1.0,0.0017857142857142859,True,10,False
fakenewsnet,disinformation,f1,logreg_bert,xgboost_bert,10,1,10,-0.014944462448096107,-0.03841337501412571,0.0071467890294452776,-0.22,0.26171875,0.0009765625,1.0,0.0017857142857142859,True,10,False
fakenewsnet,disinformation,f1,logreg_bert,xgboost_mistral,10,1,10,0.0024916416603504967,-0.026696424227259152,0.036212926527518854,0.06,0.904296875,0.0009765625,1.0,0.0017857142857142859,True,10,False
fakenewsnet,disinformation,f1,mlp_bert,mlp_mistral,10,1,10,-0.007825811446551922,-0.03145792136049991,0.016979045692477344,-0.17,0.55859375,0.0009765625,1.0,0.0017857142857142859,True,10,False
fakenewsnet,disinformation,f1,mlp_bert,rf_bert,10,1,10,-0.011378678150854893,-0.0298528567785316,0.0067940694001951685,-0.23,0.271484375,0.0009765625,1.0,0.0017857142857142859,True,10,False
fakenewsnet,disinformation,f1,mlp_bert,rf_mistral,10,1,10,0.02278504492328286,-0.005575634724477629,0.05435805028398107,0.36,0.201171875,0.0009765625,1.0,0.0017857142857142859,True,10,False
fakenewsnet,disinformation,f1,mlp_bert,xgboost_bert,10,1,10,0.014268006482719498,-0.007870845208483912,0.0346342097464548,0.13,0.2421875,0.0009765625,1.0,0.0017857142857142859,True,10,False
fakenewsnet,disinformation,f1,mlp_bert,xgboost_mistral,10,1,10,0.0317041105911661,-0.000659073163816959,0.06742828484846466,0.36,0.11328125,0.0009765625,1.0,0.0017857142857142859,True,10,False
fakenewsnet,disinformation,f1,mlp_mistral,rf_bert,10,1,10,-0.0035528667043029706,-0.02657672472455025,0.018153615308084313,-0.03,0.85546875,0.0009765625,1.0,0.0017857142857142859,True,10,False
fakenewsnet,disinformation,f1,mlp_mistral,xgboost_bert,10,1,10,0.02209381792927142,-1.6161196916630872e-05,0.04270877027306909,0.37,0.10546875,0.0009765625,1.0,0.0017857142857142859,True,10,False
fakenewsnet,disinformation,f1,rf_mistral,xgboost_bert,10,1,10,-0.008517038440563363,-0.03292557156054086,0.01241897890268535,-0.14,0.541015625,0.0009765625,1.0,0.0017857142857142859,True,10,False
fakenewsnet,disinformation,f1,rf_mistral,xgboost_mistral,10,1,10,0.008919065667883242,-0.0009010325345678805,0.01796335608835604,0.14,0.109375,0.0009765625,1.0,0.0017857142857142859,True,10,False
fakenewsnet,disinformation,f1,xgboost_bert,xgboost_mistral,10,1,10,0.017436104108446603,-0.00918792123680633,0.046290035424894946,0.25,0.294921875,0.0009765625,1.0,0.0017857142857142859,True,10,False
fakenewsnet,disinformation,precision,logreg_mistral,xgboost_bert,10,1,10,0.09432892508082263,0.07388225573709446,0.11484915569355802,1.0,0.001953125,0.0009765625,0.0546875,0.0017857142857142859,True,10,False
fakenewsnet,disinformation,precision,logreg_mistral,xgboost_mistral,10,1,10,0.09222210480274998,0.06923536439665473,0.11329430813301782,1.0,0.001953125,0.0009765625,0.0546875,0.0017857142857142859,True,10,False
fakenewsnet,disinformation,precision,rf_mistral,xgboost_bert,10,1,10,0.049553809250285755,0.03385218407988808,0.06492104346321453,0.66,0.001953125,0.0009765625,0.0546875,0.0017857142857142859,True,10,False
fakenewsnet,disinformation,precision,logreg_bert,xgboost_bert,10,1,10,0.06935207322897077,0.04586664288870172,0.08946387284266791,0.86,0.00390625,0.0009765625,0.09765625,0.0017857142857142859,True,10,False
fakenewsnet,disinformation,precision,logreg_bert,xgboost_mistral,10,1,10,0.06724525295089812,0.04283045508851961,0.0909784265832653,0.84,0.00390625,0.0009765625,0.09765625,0.0017857142857142859,True,10,False
fakenewsnet,disinformation,precision,logreg_mistral,rf_bert,10,1,10,0.05788844325609031,0.04150735294117647,0.0729452614379085,0.9,0.00390625,0.0009765625,0.09765625,0.0017857142857142859,True,10,False
fakenewsnet,disinformation,precision,mlp_mistral,xgboost_bert,10,1,10,0.05346149974078066,0.030869842523068326,0.07849761767382654,0.73,0.00390625,0.0009765625,0.09765625,0.0017857142857142859,True,10,False
fakenewsnet,disinformation,precision,rf_mistral,xgboost_mistral,10,1,10,0.04744698897221309,0.03078494504654291,0.06428171754089441,0.66,0.00390625,0.0009765625,0.09765625,0.0017857142857142859,True,10,False
fakenewsnet,disinformation,precision,mlp_mistral,xgboost_mistral,10,1,10,0.051354679462708,0.02711016054076971,0.07379555718265399,0.67,0.005859375,0.0009765625,0.1171875,0.0017857142857142859,True,10,False
fakenewsnet,disinformation,precision,rf_bert,xgboost_bert,10,1,10,0.03644048182473232,0.022522602318617534,0.0497678660154941,0.61,0.005859375,0.0009765625,0.1171875,0.0017857142857142859,True,10,False
fakenewsnet,disinformation,precision,logreg_mistral,mlp_bert,10,1,10,0.05912222555486314,0.03225359221564157,0.08926868217190798,0.8,0.0078125,0.0009765625,0.140625,0.0017857142857142859,True,10,False
fakenewsnet,disinformation,precision,rf_bert,xgboost_mistral,10,1,10,0.034333661546659656,0.013522121458554104,0.05502161554343717,0.56,0.01171875,0.0009765625,0.19921875,0.0017857142857142859,True,10,False
fakenewsnet,disinformation,precision,logreg_bert,rf_bert,10,1,10,0.03291159140423846,0.014429713804713796,0.05022702515349574,0.52,0.015625,0.0009765625,0.25,0.0017857142857142859,True,10,False
fakenewsnet,disinformation,precision,logreg_mistral,rf_mistral,10,1,10,0.04477511583053688,0.023486943164362506,0.06558292282430214,0.7,0.015625,0.0009765625,0.25,0.0017857142857142859,True,10,False
fakenewsnet,disinformation,precision,logreg_mistral,mlp_mistral,10,1,10,0.04086742534004197,0.017657244716068242,0.06567226890756304,0.6,0.03125,0.0009765625,0.4375,0.0017857142857142859,True,10,False
fakenewsnet,disinformation,precision,logreg_bert,logreg_mistral,10,1,10,-0.024976851851851854,-0.04370370370370371,-0.007407407407407407,-0.5,0.0625,0.0009765625,0.8125,0.0017857142857142859,True,10,False
fakenewsnet,disinformation,precision,logreg_bert,mlp_bert,10,1,10,0.03414537370301128,0.009628939389375835,0.06329221639824106,0.39,0.0625,0.0009765625,0.8125,0.0017857142857142859,True,10,False
fakenewsnet,disinformation,precision,logreg_bert,mlp_mistral,10,1,10,0.01589057348819012,-0.016031735665356373,0.046187608969049145,0.22,0.3671875,0.0009765625,1.0,0.0017857142857142859,True,10,False
fakenewsnet,disinformation,precision,logreg_bert,rf_mistral,10,1,10,0.019798263978685025,-0.003354767348788501,0.0446411503669568,0.29,0.234375,0.0009765625,1.0,0.0017857142857142859,True,10,False
fakenewsnet,disinformation,precision,mlp_bert,mlp_mistral,10,1,10,-0.018254800214821166,-0.06210255553316472,0.025121062278688388,-0.24,0.453125,0.0009765625,1.0,0.0017857142857142859,True,10,False
fakenewsnet,disinformation,precision,mlp_bert,rf_bert,10,1,10,-0.001233782298772823,-0.030949885526498445,0.028254570075015993,0.07,0.927734375,0.0009765625,1.0,0.0017857142857142859,True,10,False
fakenewsnet,disinformation,precision,mlp_bert,rf_mistral,10,1,10,-0.014347109724326257,-0.05723414644438003,0.02860434545836623,-0.02,0.53125,0.0009765625,1.0,0.0017857142857142859,True,10,False
fakenewsnet,disinformation,precision,mlp_bert,xgboost_bert,10,1,10,0.03520669952595949,-0.001718002472271918,0.07105795585397101,0.48,0.095703125,0.0009765625,1.0,0.0017857142857142859,True,10,False
fakenewsnet,disinformation,precision,mlp_bert,xgboost_mistral,10,1,10,0.033099879247886835,-0.0021709392677134454,0.0698052292169939,0.42,0.125,0.0009765625,1.0,0.0017857142857142859,True,10,False
fakenewsnet,disinformation,precision,mlp_mistral,rf_bert,10,1,10,0.01702101791604834,-0.012714328155504629,0.04628418530421574,0.31,0.2265625,0.0009765625,1.0,0.0017857142857142859,True,10,False
fakenewsnet,disinformation,precision,mlp_mistral,rf_mistral,10,1,10,0.003907690490494909,-0.021084099328881122,0.02738617704134949,0.13,0.7578125,0.0009765625,1.0,0.0017857142857142859,True,10,False
fakenewsnet,disinformation,precision,rf_bert,rf_mistral,10,1,10,-0.013113327425553434,-0.03264044750606617,0.0053177066913326024,-0.1,0.26171875,0.0009765625,1.0,0.0017857142857142859,True,10,False
fakenewsnet,disinformation,precision,xgboost_bert,xgboost_mistral,10,1,10,-0.002106820278072663,-0.021794423862735057,0.016791484493097374,0.05,0.83203125,0.0009765625,1.0,0.0017857142857142859,True,10,False
fakenewsnet,disinformation,recall,logreg_bert,logreg_mistral,10,1,10,0.21428571428571433,0.16857142857142862,0.26000000000000006,1.0,0.001953125,0.0009765625,0.0546875,0.0017857142857142859,True,10,False
fakenewsnet,disinformation,recall,logreg_mistral,mlp_bert,10,1,10,-0.2914285714285714,-0.36,-0.2257142857142857,-1.0,0.001953125,0.0009765625,0.0546875,0.0017857142857142859,True,10,False
fakenewsnet,disinformation,recall,logreg_mistral,mlp_mistral,10,1,10,-0.2914285714285714,-0.34285714285714286,-0.23714285714285718,-1.0,0.001953125,0.0009765625,0.0546875,0.0017857142857142859,True,10,False
fakenewsnet,disinformation,recall,logreg_mistral,rf_bert,10,1,10,-0.3085714285714286,-0.34571428571428575,-0.2742857142857143,-1.0,0.001953125,0.0009765625,0.0546875,0.0017857142857142859,True,10,False
fakenewsnet,disinformation,recall,logreg_mistral,rf_mistral,10,1,10,-0.24000000000000005,-0.26857142857142857,-0.21142857142857147,-1.0,0.001953125,0.0009765625,0.0546875,0.0017857142857142859,True,10,False
fakenewsnet,disinformation,recall,logreg_mistral,xgboost_bert,10,1,10,-0.2942857142857143,-0.33999999999999997,-0.25428571428571434,-1.0,0.001953125,0.0009765625,0.0546875,0.0017857142857142859,True,10,False
fakenewsnet,disinformation,recall,logreg_mistral,xgboost_mistral,10,1,10,-0.26000000000000006,-0.3,-0.22285714285714292,-1.0,0.001953125,0.0009765625,0.0546875,0.0017857142857142859,True,10,False
fakenewsnet,disinformation,recall,logreg_bert,mlp_mistral,10,1,10,-0.07714285714285712,-0.11714285714285713,-0.04285714285714285,-0.59,0.00390625,0.0009765625,0.08203125,0.0017857142857142859,True,10,False
fakenewsnet,disinformation,recall,logreg_bert,rf_bert,10,1,10,-0.09428571428571426,-0.12857142857142856,-0.06,-0.72,0.00390625,0.0009765625,0.08203125,0.0017857142857142859,True,10,False
fakenewsnet,disinformation,recall,logreg_bert,xgboost_bert,10,1,10,-0.07999999999999999,-0.10857142857142857,-0.04857142857142854,-0.61,0.0078125,0.0009765625,0.1484375,0.0017857142857142859,True,10,False
fakenewsnet,disinformation,recall,rf_bert,rf_mistral,10,1,10,0.06857142857142855,0.03142857142857142,0.1114285714285714,0.58,0.01171875,0.0009765625,0.2109375,0.0017857142857142859,True,10,False
fakenewsnet,disinformation,recall,logreg_bert,mlp_bert,10,1,10,-0.07714285714285712,-0.1314285714285714,-0.022857142857142854,-0.6,0.046875,0.0009765625,0.796875,0.0017857142857142859,True,10,False
fakenewsnet,disinformation,recall,rf_mistral,xgboost_bert,10,1,10,-0.05428571428571427,-0.10285714285714284,-0.014285714285714268,-0.44,0.05078125,0.0009765625,0.8125,0.0017857142857142859,True,10,False
fakenewsnet,disinformation,recall,mlp_mistral,rf_mistral,10,1,10,0.051428571428571414,0.011428571428571432,0.09142857142857139,0.42,0.0625,0.0009765625,0.9375,0.0017857142857142859,True,10,False
fakenewsnet,disinformation,recall,logreg_bert,rf_mistral,10,1,10,-0.02571428571428571,-0.06571428571428571,0.022857142857142833,-0.24,0.33203125,0.0009765625,1.0,0.0017857142857142859,True,10,False
fakenewsnet,disinformation,recall,logreg_bert,xgboost_mistral,10,1,10,-0.04571428571428571,-0.08285714285714288,0.005714285714285683,-0.41,0.10546875,0.0009765625,1.0,0.0017857142857142859,True,10,False
fakenewsnet,disinformation,recall,mlp_bert,mlp_mistral,10,1,10,0.0,-0.0514285714285714,0.04571428571428571,0.0,1.0,0.0009765625,1.0,0.0017857142857142859,True,10,False
fakenewsnet,disinformation,recall,mlp_bert,rf_bert,10,1,10,-0.017142857142857137,-0.06285714285714283,0.028571428571428546,-0.12,0.5234375,0.0009765625,1.0,0.0017857142857142859,True,10,False
fakenewsnet,disinformation,recall,mlp_bert,rf_mistral,10,1,10,0.051428571428571414,-0.017142857142857126,0.11999999999999995,0.43,0.20703125,0.0009765625,1.0,0.0017857142857142859,True,10,False
fakenewsnet,disinformation,recall,mlp_bert,xgboost_bert,10,1,10,-0.002857142857142858,-0.05428571428571425,0.04571428571428569,-0.01,0.9609375,0.0009765625,1.0,0.0017857142857142859,True,10,False
fakenewsnet,disinformation,recall,mlp_bert,xgboost_mistral,10,1,10,0.03142857142857142,-0.03714285714285712,0.09999999999999995,0.28,0.4375,0.0009765625,1.0,0.0017857142857142859,True,10,False
fakenewsnet,disinformation,recall,mlp_mistral,rf_bert,10,1,10,-0.017142857142857137,-0.057142857142857106,0.019999999999999962,-0.13,0.484375,0.0009765625,1.0,0.0017857142857142859,True,10,False
fakenewsnet,disinformation,recall,mlp_mistral,xgboost_bert,10,1,10,-0.002857142857142858,-0.03714285714285716,0.0314285714285714,0.0,0.953125,0.0009765625,1.0,0.0017857142857142859,True,10,False
fakenewsnet,disinformation,recall,mlp_mistral,xgboost_mistral,10,1,10,0.03142857142857142,-0.005714285714285739,0.0714285714285714,0.27,0.203125,0.0009765625,1.0,0.0017857142857142859,True,10,False
fakenewsnet,disinformation,recall,rf_bert,xgboost_bert,10,1,10,0.01428571428571428,-0.011428571428571432,0.03999999999999998,0.15,0.4375,0.0009765625,1.0,0.0017857142857142859,True,10,False
fakenewsnet,disinformation,recall,rf_bert,xgboost_mistral,10,1,10,0.04857142857142856,0.005714285714285705,0.09714285714285713,0.42,0.09375,0.0009765625,1.0,0.0017857142857142859,True,10,False
fakenewsnet,disinformation,recall,rf_mistral,xgboost_mistral,10,1,10,-0.019999999999999997,-0.03999999999999998,-0.002857142857142858,-0.18,0.125,0.0009765625,1.0,0.0017857142857142859,True,10,False
fakenewsnet,disinformation,recall,xgboost_bert,xgboost_mistral,10,1,10,0.034285714285714274,-0.01142857142857141,0.08571428571428572,0.29,0.26953125,0.0009765625,1.0,0.0017857142857142859,True,10,False
fakenewsnet,virality,accuracy,xgboost_bert,xgboost_mistral,10,1,10,0.03362068965517242,0.011206896551724133,0.05517241379310346,0.41,0.029296875,0.0009765625,0.8203125,0.0017857142857142859,True,10,False
fakenewsnet,virality,accuracy,logreg_bert,logreg_mistral,10,1,10,-0.006034482758620685,-0.025862068965517272,0.015517241379310343,0.02,0.6328125,0.0009765625,1.0,0.0017857142857142859,True,10,False
fakenewsnet,virality,accuracy,logreg_bert,mlp_bert,10,1,10,0.0008620689655172264,-0.008620689655172441,0.011206896551724133,0.02,0.9921875,0.0009765625,1.0,0.0017857142857142859,True,10,False
fakenewsnet,virality,accuracy,logreg_bert,mlp_mistral,10,1,10,-0.0008620689655172598,-0.02155172413793107,0.021551724137931005,0.1,0.919921875,0.0009765625,1.0,0.0017857142857142859,True,10,False
fakenewsnet,virality,accuracy,logreg_bert,rf_bert,10,1,10,-0.01206896551724137,-0.03103448275862073,0.008620689655172431,-0.16,0.3203125,0.0009765625,1.0,0.0017857142857142859,True,10,False
fakenewsnet,virality,accuracy,logreg_bert,rf_mistral,10,1,10,-2.2204460492503132e-17,-0.024137931034482772,0.026724137931034463,0.06,0.974609375,0.0009765625,1.0,0.0017857142857142859,True,10,False
fakenewsnet,virality,accuracy,logreg_bert,xgboost_bert,10,1,10,-0.020689655172413814,-0.04224137931034486,0.0008620689655171931,-0.23,0.109375,0.0009765625,1.0,0.0017857142857142859,True,10,False
fakenewsnet,virality,accuracy,logreg_bert,xgboost_mistral,10,1,10,0.012931034482758608,-0.015517241379310365,0.04137931034482757,0.18,0.46484375,0.0009765625,1.0,0.0017857142857142859,True,10,False
fakenewsnet,virality,accuracy,logreg_mistral,mlp_bert,10,1,10,0.006896551724137912,-0.012068965517241393,0.025,-0.04,0.546875,0.0009765625,1.0,0.0017857142857142859,True,10,False
fakenewsnet,virality,accuracy,logreg_mistral,mlp_mistral,10,1,10,0.005172413793103426,-0.004310344827586243,0.017241379310344807,0.02,0.6171875,0.0009765625,1.0,0.0017857142857142859,True,10,False
fakenewsnet,virality,accuracy,logreg_mistral,rf_bert,10,1,10,-0.006034482758620685,-0.017241379310344817,0.0068965517241379335,-0.21,0.453125,0.0009765625,1.0,0.0017857142857142859,True,10,False
fakenewsnet,virality,accuracy,logreg_mistral,rf_mistral,10,1,10,0.006034482758620663,-0.011206896551724178,0.025862068965517227,0.04,0.67578125,0.0009765625,1.0,0.0017857142857142859,True,10,False
fakenewsnet,virality,accuracy,logreg_mistral,xgboost_bert,10,1,10,-0.014655172413793128,-0.02931034482758622,0.001724137931034464,-0.43,0.1015625,0.0009765625,1.0,0.0017857142857142859,True,10,False
fakenewsnet,virality,accuracy,logreg_mistral,xgboost_mistral,10,1,10,0.018965517241379293,-0.0008620689655172819,0.03879310344827584,0.15,0.12890625,0.0009765625,1.0,0.0017857142857142859,True,10,False
fakenewsnet,virality,accuracy,mlp_bert,mlp_mistral,10,1,10,-0.0017241379310344862,-0.023275862068965526,0.018965517241379314,0.16,0.923828125,0.0009765625,1.0,0.0017857142857142859,True,10,False
fakenewsnet,virality,accuracy,mlp_bert,rf_bert,10,1,10,-0.012931034482758596,-0.031034482758620675,0.0034482758620689945,-0.16,0.2421875,0.0009765625,1.0,0.0017857142857142859,True,10,False
fakenewsnet,virality,accuracy,mlp_bert,rf_mistral,10,1,10,-0.0008620689655172486,-0.025000000000000012,0.022413793103448265,0.08,0.9453125,0.0009765625,1.0,0.0017857142857142859,True,10,False
fakenewsnet,virality,accuracy,mlp_bert,xgboost_bert,10,1,10,-0.02155172413793104,-0.04051724137931034,-0.002586206896551757,-0.16,0.080078125,0.0009765625,1.0,0.0017857142857142859,True,10,False
fakenewsnet,virality,accuracy,mlp_bert,xgboost_mistral,10,1,10,0.012068965517241381,-0.015517241379310353,0.03706896551724137,0.2,0.4296875,0.0009765625,1.0,0.0017857142857142859,True,10,False
fakenewsnet,virality,accuracy,mlp_mistral,rf_bert,10,1,10,-0.01120689655172411,-0.02844827586206894,0.007758620689655204,-0.28,0.3125,0.0009765625,1.0,0.0017857142857142859,True,10,False
fakenewsnet,virality,accuracy,mlp_mistral,rf_mistral,10,1,10,0.0008620689655172376,-0.01293103448275863,0.013793103448275867,-0.01,1.0,0.0009765625,1.0,0.0017857142857142859,True,10,False
fakenewsnet,virality,accuracy,mlp_mistral,xgboost_bert,10,1,10,-0.019827586206896553,-0.042241379310344815,0.0034482758620689724,-0.52,0.15625,0.0009765625,1.0,0.0017857142857142859,True,10,False
fakenewsnet,virality,accuracy,mlp_mistral,xgboost_mistral,10,1,10,0.013793103448275867,-0.010344827586206884,0.03793103448275862,0.07,0.31640625,0.0009765625,1.0,0.0017857142857142859,True,10,False
fakenewsnet,virality,accuracy,rf_bert,rf_mistral,10,1,10,0.012068965517241348,-0.003448275862069006,0.03103448275862065,0.22,0.28125,0.0009765625,1.0,0.0017857142857142859,True,10,False
fakenewsnet,virality,accuracy,rf_bert,xgboost_bert,10,1,10,-0.008620689655172441,-0.020689655172413814,0.003448275862068939,-0.1,0.171875,0.0009765625,1.0,0.0017857142857142859,True,10,False
fakenewsnet,virality,accuracy,rf_bert,xgboost_mistral,10,1,10,0.024999999999999977,0.003448275862068928,0.04741379310344823,0.32,0.072265625,0.0009765625,1.0,0.0017857142857142859,True,10,False
fakenewsnet,virality,accuracy,rf_mistral,xgboost_bert,10,1,10,-0.02068965517241379,-0.04655172413793104,0.003448275862068961,-0.42,0.19140625,0.0009765625,1.0,0.0017857142857142859,True,10,False
fakenewsnet,virality,accuracy,rf_mistral,xgboost_mistral,10,1,10,0.01293103448275863,-0.016379310344827556,0.04137931034482761,0.07,0.4453125,0.0009765625,1.0,0.0017857142857142859,True,10,False
fakenewsnet,virality,auc,logreg_bert,rf_bert,10,1,10,-0.05291319857312725,-0.06429845422116527,-0.041542806183115365,-0.86,0.001953125,0.0009765625,0.0546875,0.0017857142857142859,True,10,False
fakenewsnet,virality,auc,logreg_bert,xgboost_bert,10,1,10,-0.05276456599286565,-0.06346611177170038,-0.04227110582639716,-0.9,0.001953125,0.0009765625,0.0546875,0.0017857142857142859,True,10,False
fakenewsnet,virality,auc,logreg_mistral,rf_bert,10,1,10,-0.053299643281807384,-0.06939655172413799,-0.039194411414982165,-0.76,0.001953125,0.0009765625,0.0546875,0.0017857142857142859,True,10,False
fakenewsnet,virality,auc,logreg_mistral,rf_mistral,10,1,10,-0.0410077288941736,-0.04976218787158145,-0.03194114149821643,-0.62,0.001953125,0.0009765625,0.0546875,0.0017857142857142859,True,10,False
fakenewsnet,virality,auc,logreg_mistral,xgboost_bert,10,1,10,-0.053151010701545785,-0.06994649227110585,-0.03843638525564804,-0.8,0.001953125,0.0009765625,0.0546875,0.0017857142857142859,True,10,False
fakenewsnet,virality,auc,mlp_bert,rf_bert,10,1,10,-0.05502378121284186,-0.06651307966706302,-0.04343043995243756,-0.86,0.001953125,0.0009765625,0.0546875,0.0017857142857142859,True,10,False
fakenewsnet,virality,auc,mlp_bert,xgboost_bert,10,1,10,-0.054875148632580265,-0.06658739595719379,-0.043489892984542214,-0.9,0.001953125,0.0009765625,0.0546875,0.0017857142857142859,True,10,False
fakenewsnet,virality,auc,mlp_mistral,rf_bert,10,1,10,-0.052080856123662325,-0.0674197384066588,-0.03895659928656362,-0.8,0.001953125,0.0009765625,0.0546875,0.0017857142857142859,True,10,False
fakenewsnet,virality,auc,mlp_mistral,rf_mistral,10,1,10,-0.03978894173602854,-0.048736623067776486,-0.03064803804994056,-0.6,0.001953125,0.0009765625,0.0546875,0.0017857142857142859,True,10,False
fakenewsnet,virality,auc,mlp_mistral,xgboost_bert,10,1,10,-0.05193222354340073,-0.06819262782401905,-0.03736623067776458,-0.82,0.001953125,0.0009765625,0.0546875,0.0017857142857142859,True,10,False
fakenewsnet,virality,auc,rf_bert,xgboost_mistral,10,1,10,0.030469678953626667,0.01764268727705116,0.046031510107015526,0.54,0.001953125,0.0009765625,0.0546875,0.0017857142857142859,True,10,False
fakenewsnet,virality,auc,rf_mistral,xgboost_mistral,10,1,10,0.018177764565992884,0.011221759809750254,0.02599583828775267,0.36,0.001953125,0.0009765625,0.0546875,0.0017857142857142859,True,10,False
fakenewsnet,virality,auc,xgboost_bert,xgboost_mistral,10,1,10,0.03032104637336507,0.015398335315101009,0.04815695600475628,0.52,0.00390625,0.0009765625,0.0625,0.0017857142857142859,True,10,False
fakenewsnet,virality,auc,mlp_bert,rf_mistral,10,1,10,-0.042731866825208076,-0.058590963139120086,-0.023647443519619504,-0.72,0.005859375,0.0009765625,0.087890625,0.0017857142857142859,True,10,False
fakenewsnet,virality,auc,logreg_bert,rf_mistral,10,1,10,-0.04062128418549347,-0.056584423305588605,-0.021046373365041594,-0.72,0.0078125,0.0009765625,0.109375,0.0017857142857142859,True,10,False
fakenewsnet,virality,auc,mlp_mistral,xgboost_mistral,10,1,10,-0.021611177170035654,-0.030945303210463692,-0.01183115338882279,-0.36,0.0078125,0.0009765625,0.109375,0.0017857142857142859,True,10,False
fakenewsnet,virality,auc,logreg_mistral,xgboost_mistral,10,1,10,-0.02282996432818072,-0.03278834720570748,-0.01180142687277047,-0.32,0.013671875,0.0009765625,0.1640625,0.0017857142857142859,True,10,False
fakenewsnet,virality,auc,mlp_bert,xgboost_mistral,10,1,10,-0.024554102259215192,-0.043133174791914385,-0.00261593341260401,-0.44,0.0546875,0.0009765625,0.6015625,0.0017857142857142859,True,10,False
fakenewsnet,virality,auc,rf_bert,rf_mistral,10,1,10,0.012291914387633784,0.0016646848989298358,0.02543103448275864,0.31,0.056640625,0.0009765625,0.6015625,0.0017857142857142859,True,10,False
fakenewsnet,virality,auc,logreg_bert,xgboost_mistral,10,1,10,-0.022443519619500585,-0.042181926278240245,0.0005945303210464048,-0.32,0.0859375,0.0009765625,0.7734375,0.0017857142857142859,True,10,False
fakenewsnet,virality,auc,logreg_bert,logreg_mistral,10,1,10,0.0003864447086801337,-0.015190249702734849,0.018638525564803797,0.06,0.97265625,0.0009765625,1.0,0.0017857142857142859,True,10,False
fakenewsnet,virality,auc,logreg_bert,mlp_bert,10,1,10,0.0021105826397146087,-0.0023483947681331996,0.006064209274673005,0.06,0.369140625,0.0009765625,1.0,0.0017857142857142859,True,10,False
fakenewsnet,virality,auc,logreg_bert,mlp_mistral,10,1,10,-0.000832342449464929,-0.015755053507728944,0.01646848989298454,0.04,0.93359375,0.0009765625,1.0,0.0017857142857142859,True,10,False
fakenewsnet,virality,auc,logreg_mistral,mlp_bert,10,1,10,0.0017241379310344751,-0.015784780023781208,0.016676575505350743,0.01,0.87890625,0.0009765625,1.0,0.0017857142857142859,True,10,False
fakenewsnet,virality,auc,logreg_mistral,mlp_mistral,10,1,10,-0.0012187871581450626,-0.005261593341260395,0.0022294887039238875,-0.02,0.60546875,0.0009765625,1.0,0.0017857142857142859,True,10,False
fakenewsnet,virality,auc,mlp_bert,mlp_mistral,10,1,10,-0.0029429250891795378,-0.017300832342449467,0.013585017835909652,-0.02,0.73828125,0.0009765625,1.0,0.0017857142857142859,True,10,False
fakenewsnet,virality,auc,rf_bert,xgboost_bert,10,1,10,0.00014863258026159842,-0.006197978596908471,0.006049346016646839,0.04,0.962890625,0.0009765625,1.0,0.0017857142857142859,True,10,False
fakenewsnet,virality,auc,rf_mistral,xgboost_bert,10,1,10,-0.012143281807372185,-0.02812128418549349,0.0014268727705113004,-0.36,0.158203125,0.0009765625,1.0,0.0017857142857142859,True,10,False
fakenewsnet,virality,f1,logreg_mistral,rf_mistral,10,1,10,0.03192747176836106,0.013563047470687529,0.05441135483834101,0.52,0.005859375,0.0009765625,0.1640625,0.0017857142857142859,True,10,False
fakenewsnet,virality,f1,mlp_mistral,rf_mistral,10,1,10,0.020103960860027192,0.010781876640157662,0.02935385118722179,0.36,0.005859375,0.0009765625,0.1640625,0.0017857142857142859,True,10,False
fakenewsnet,virality,f1,xgboost_bert,xgboost_mistral,10,1,10,0.037314121418831524,0.01624099710865129,0.05733846064918254,0.48,0.01171875,0.0009765625,0.3046875,0.0017857142857142859,True,10,False
fakenewsnet,virality,f1,logreg_mistral,xgboost_mistral,10,1,10,0.031805825051486325,0.012278790122916406,0.050733225310515606,0.36,0.015625,0.0009765625,0.390625,0.0017857142857142859,True,10,False
fakenewsnet,virality,f1,rf_mistral,xgboost_bert,10,1,10,-0.03743576813570626,-0.06532214429501475,-0.012321091970624498,-0.64,0.021484375,0.0009765625,0.515625,0.0017857142857142859,True,10,False
fakenewsnet,virality,f1,rf_bert,rf_mistral,10,1,10,0.024566910314550473,0.00715114422755272,0.04537994231664427,0.42,0.029296875,0.0009765625,0.673828125,0.0017857142857142859,True,10,False
fakenewsnet,virality,f1,logreg_bert,logreg_mistral,10,1,10,-0.0061949295345838816,-0.025010626326263587,0.012594832046370763,-0.03,0.556640625,0.0009765625,1.0,0.0017857142857142859,True,10,False
fakenewsnet,virality,f1,logreg_bert,mlp_bert,10,1,10,-0.006477116902098045,-0.02087040863393468,0.0081986522994404,-0.16,0.427734375,0.0009765625,1.0,0.0017857142857142859,True,10,False
fakenewsnet,virality,f1,logreg_bert,mlp_mistral,10,1,10,0.0056285813737499855,-0.013567378650273054,0.02699723178403788,0.16,0.607421875,0.0009765625,1.0,0.0017857142857142859,True,10,False
fakenewsnet,virality,f1,logreg_bert,rf_bert,10,1,10,0.0011656319192267061,-0.018787971557400696,0.021926555655150382,-0.02,0.916015625,0.0009765625,1.0,0.0017857142857142859,True,10,False
fakenewsnet,virality,f1,logreg_bert,rf_mistral,10,1,10,0.02573254223377718,0.0023175729681749633,0.05207261432419905,0.44,0.0859375,0.0009765625,1.0,0.0017857142857142859,True,10,False
fakenewsnet,virality,f1,logreg_bert,xgboost_bert,10,1,10,-0.011703225901929081,-0.03435686943749683,0.009397779928931028,-0.16,0.359375,0.0009765625,1.0,0.0017857142857142859,True,10,False
fakenewsnet,virality,f1,logreg_bert,xgboost_mistral,10,1,10,0.025610895516902443,-0.0020009228443893523,0.05275188513126049,0.35,0.107421875,0.0009765625,1.0,0.0017857142857142859,True,10,False
fakenewsnet,virality,f1,logreg_mistral,mlp_bert,10,1,10,-0.00028218736751416395,-0.020989965660001143,0.020824463862474118,-0.14,0.9765625,0.0009765625,1.0,0.0017857142857142859,True,10,False
fakenewsnet,virality,f1,logreg_mistral,mlp_mistral,10,1,10,0.011823510908333867,-0.002691329101006523,0.028997659878528037,0.26,0.21484375,0.0009765625,1.0,0.0017857142857142859,True,10,False
fakenewsnet,virality,f1,logreg_mistral,rf_bert,10,1,10,0.007360561453810588,-0.004157170005834021,0.01909195211333834,0.0,0.26953125,0.0009765625,1.0,0.0017857142857142859,True,10,False
fakenewsnet,virality,f1,logreg_mistral,xgboost_bert,10,1,10,-0.0055082963673452005,-0.018286195347544575,0.008398332084592008,-0.25,0.46484375,0.0009765625,1.0,0.0017857142857142859,True,10,False
fakenewsnet,virality,f1,mlp_bert,mlp_mistral,10,1,10,0.012105698275848032,-0.013660571361074403,0.03666682045358318,0.34,0.390625,0.0009765625,1.0,0.0017857142857142859,True,10,False
fakenewsnet,virality,f1,mlp_bert,rf_bert,10,1,10,0.007642748821324752,-0.01435187908693165,0.02810218350615502,0.24,0.466796875,0.0009765625,1.0,0.0017857142857142859,True,10,False
fakenewsnet,virality,f1,mlp_bert,rf_mistral,10,1,10,0.03220965913587522,0.0007076188319626419,0.06326118039930916,0.45,0.09765625,0.0009765625,1.0,0.0017857142857142859,True,10,False
fakenewsnet,virality,f1,mlp_bert,xgboost_bert,10,1,10,-0.005226108999831036,-0.026589298515445402,0.014216718195593258,0.16,0.640625,0.0009765625,1.0,0.0017857142857142859,True,10,False
fakenewsnet,virality,f1,mlp_bert,xgboost_mistral,10,1,10,0.032088012419000486,-0.0005282545163980079,0.05980563170330072,0.42,0.080078125,0.0009765625,1.0,0.0017857142857142859,True,10,False
fakenewsnet,virality,f1,mlp_mistral,rf_bert,10,1,10,-0.004462949454523279,-0.019594123374567028,0.009376942161896185,-0.1,0.59375,0.0009765625,1.0,0.0017857142857142859,True,10,False
fakenewsnet,virality,f1,mlp_mistral,xgboost_bert,10,1,10,-0.017331807275679068,-0.039862931219053876,0.005184975987612206,-0.37,0.1875,0.0009765625,1.0,0.0017857142857142859,True,10,False
fakenewsnet,virality,f1,mlp_mistral,xgboost_mistral,10,1,10,0.019982314143152456,-0.008480634486147531,0.04606919447363218,0.19,0.208984375,0.0009765625,1.0,0.0017857142857142859,True,10,False
fakenewsnet,virality,f1,rf_bert,xgboost_bert,10,1,10,-0.012868857821155788,-0.025058048911398977,0.00043858239920637756,-0.15,0.091796875,0.0009765625,1.0,0.0017857142857142859,True,10,False
fakenewsnet,virality,f1,rf_bert,xgboost_mistral,10,1,10,0.024445263597675737,0.0014622549248534233,0.04694511606737507,0.35,0.0703125,0.0009765625,1.0,0.0017857142857142859,True,10,False
fakenewsnet,virality,f1,rf_mistral,xgboost_mistral,10,1,10,-0.00012164671687473483,-0.030586116259509,0.02863933568616691,-0.02,0.998046875,0.0009765625,1.0,0.0017857142857142859,True,10,False
fakenewsnet,virality,precision,logreg_mistral,rf_mistral,10,1,10,-0.044667191837869755,-0.06290758585476891,-0.027734045762076664,-0.72,0.001953125,0.0009765625,0.0546875,0.0017857142857142859,True,10,False
fakenewsnet,virality,precision,mlp_bert,rf_bert,10,1,10,-0.05098462462890004,-0.07457079721448577,-0.032456831541427054,-0.76,0.001953125,0.0009765625,0.0546875,0.0017857142857142859,True,10,False
fakenewsnet,virality,precision,mlp_bert,rf_mistral,10,1,10,-0.06408461083413296,-0.08061889392538986,-0.04821838238021531,-0.82,0.001953125,0.0009765625,0.0546875,0.0017857142857142859,True,10,False
fakenewsnet,virality,precision,mlp_bert,xgboost_bert,10,1,10,-0.05027147776132105,-0.0758681414578499,-0.027003212013326193,-0.72,0.00390625,0.0009765625,0.09765625,0.0017857142857142859,True,10,False
fakenewsnet,virality,precision,logreg_mistral,rf_bert,10,1,10,-0.03156720563263684,-0.045285992744081814,-0.015911723040874994,-0.52,0.0078125,0.0009765625,0.1875,0.0017857142857142859,True,10,False
fakenewsnet,virality,precision,logreg_bert,rf_mistral,10,1,10,-0.048322713408777654,-0.07240581451699026,-0.02006546806332622,-0.56,0.009765625,0.0009765625,0.224609375,0.0017857142857142859,True,10,False
fakenewsnet,virality,precision,logreg_bert,rf_bert,10,1,10,-0.03522272720354473,-0.05605852733880765,-0.014442076774867418,-0.47,0.013671875,0.0009765625,0.30078125,0.0017857142857142859,True,10,False
fakenewsnet,virality,precision,logreg_bert,xgboost_bert,10,1,10,-0.03450958033596574,-0.05366818447794214,-0.015258207331723617,-0.46,0.013671875,0.0009765625,0.30078125,0.0017857142857142859,True,10,False
fakenewsnet,virality,precision,logreg_mistral,xgboost_bert,10,1,10,-0.030854058765057847,-0.04987903062829807,-0.010144953391705657,-0.57,0.0234375,0.0009765625,0.46875,0.0017857142857142859,True,10,False
fakenewsnet,virality,precision,rf_mistral,xgboost_mistral,10,1,10,0.03691079688875095,0.010638426939040092,0.06616436991526009,0.36,0.029296875,0.0009765625,0.556640625,0.0017857142857142859,True,10,False
fakenewsnet,virality,precision,logreg_bert,logreg_mistral,10,1,10,-0.0036555215709078936,-0.023372352333063517,0.01789287345422108,0.05,0.7421875,0.0009765625,1.0,0.0017857142857142859,True,10,False
fakenewsnet,virality,precision,logreg_bert,mlp_bert,10,1,10,0.01576189742535531,0.0003851306636853291,0.03480124884889184,0.26,0.12890625,0.0009765625,1.0,0.0017857142857142859,True,10,False
fakenewsnet,virality,precision,logreg_bert,mlp_mistral,10,1,10,-0.01487963592920899,-0.04861876378954179,0.01936719943717099,-0.21,0.427734375,0.0009765625,1.0,0.0017857142857142859,True,10,False
fakenewsnet,virality,precision,logreg_bert,xgboost_mistral,10,1,10,-0.0114119165200267,-0.040147223766084573,0.018553385923652167,-0.15,0.486328125,0.0009765625,1.0,0.0017857142857142859,True,10,False
fakenewsnet,virality,precision,logreg_mistral,mlp_bert,10,1,10,0.019417418996263203,0.001660406820685234,0.038429435870955084,0.32,0.078125,0.0009765625,1.0,0.0017857142857142859,True,10,False
fakenewsnet,virality,precision,logreg_mistral,mlp_mistral,10,1,10,-0.011224114358301096,-0.03130432192753414,0.008331253730726951,0.02,0.30859375,0.0009765625,1.0,0.0017857142857142859,True,10,False
fakenewsnet,virality,precision,logreg_mistral,xgboost_mistral,10,1,10,-0.007756394949118806,-0.02891407479441883,0.013383876831161646,-0.1,0.50390625,0.0009765625,1.0,0.0017857142857142859,True,10,False
fakenewsnet,virality,precision,mlp_bert,mlp_mistral,10,1,10,-0.0306415333545643,-0.06033859658073139,-0.00017034529406653176,-0.4,0.09375,0.0009765625,1.0,0.0017857142857142859,True,10,False
fakenewsnet,virality,precision,mlp_bert,xgboost_mistral,10,1,10,-0.027173813945382007,-0.05461101186045617,-0.0018326003880019814,-0.28,0.091796875,0.0009765625,1.0,0.0017857142857142859,True,10,False
fakenewsnet,virality,precision,mlp_mistral,rf_bert,10,1,10,-0.020343091274335746,-0.04966584342757999,0.011570502854228637,-0.14,0.240234375,0.0009765625,1.0,0.0017857142857142859,True,10,False
fakenewsnet,virality,precision,mlp_mistral,rf_mistral,10,1,10,-0.033443077479568664,-0.06636508201765859,-0.002159491405481451,-0.4,0.103515625,0.0009765625,1.0,0.0017857142857142859,True,10,False
fakenewsnet,virality,precision,mlp_mistral,xgboost_bert,10,1,10,-0.01962994440675675,-0.05302958569055015,0.015527000616172803,-0.26,0.30859375,0.0009765625,1.0,0.0017857142857142859,True,10,False
fakenewsnet,virality,precision,mlp_mistral,xgboost_mistral,10,1,10,0.0034677194091822907,-0.025994759776202348,0.033898756653141425,0.05,0.8671875,0.0009765625,1.0,0.0017857142857142859,True,10,False
fakenewsnet,virality,precision,rf_bert,rf_mistral,10,1,10,-0.013099986205232917,-0.03036573785127683,0.005890868773517055,-0.17,0.212890625,0.0009765625,1.0,0.0017857142857142859,True,10,False
fakenewsnet,virality,precision,rf_bert,xgboost_bert,10,1,10,0.0007131468675789954,-0.011641722467665006,0.011996318797358518,0.05,0.919921875,0.0009765625,1.0,0.0017857142857142859,True,10,False
fakenewsnet,virality,precision,rf_bert,xgboost_mistral,10,1,10,0.023810810683518036,0.0011167147334889104,0.04624310739921372,0.25,0.080078125,0.0009765625,1.0,0.0017857142857142859,True,10,False
fakenewsnet,virality,precision,rf_mistral,xgboost_bert,10,1,10,0.013813133072811911,-0.011192949314195533,0.03785276662830398,0.28,0.328125,0.0009765625,1.0,0.0017857142857142859,True,10,False
fakenewsnet,virality,precision,xgboost_bert,xgboost_mistral,10,1,10,0.02309766381593904,-0.002594806561511376,0.048555773644505695,0.24,0.12890625,0.0009765625,1.0,0.0017857142857142859,True,10,False
fakenewsnet,virality,recall,logreg_bert,rf_mistral,10,1,10,0.10344827586206895,0.07586206896551723,0.13275862068965516,0.95,0.001953125,0.0009765625,0.0546875,0.0017857142857142859,True,10,False
fakenewsnet,virality,recall,logreg_mistral,rf_mistral,10,1,10,0.11206896551724137,0.08965517241379309,0.14137931034482754,0.99,0.001953125,0.0009765625,0.0546875,0.0017857142857142859,True,10,False
fakenewsnet,virality,recall,rf_mistral,xgboost_bert,10,1,10,-0.0879310344827586,-0.1189655172413793,-0.06034482758620689,-0.87,0.001953125,0.0009765625,0.0546875,0.0017857142857142859,True,10,False
fakenewsnet,virality,recall,logreg_mistral,xgboost_mistral,10,1,10,0.07758620689655168,0.05517241379310341,0.09655172413793099,0.92,0.00390625,0.0009765625,0.09765625,0.0017857142857142859,True,10,False
fakenewsnet,virality,recall,mlp_bert,rf_mistral,10,1,10,0.14310344827586205,0.08275862068965514,0.2068965517241379,0.83,0.00390625,0.0009765625,0.09765625,0.0017857142857142859,True,10,False
fakenewsnet,virality,recall,rf_bert,rf_mistral,10,1,10,0.06034482758620689,0.03793103448275863,0.08275862068965516,0.64,0.00390625,0.0009765625,0.09765625,0.0017857142857142859,True,10,False
fakenewsnet,virality,recall,xgboost_bert,xgboost_mistral,10,1,10,0.05344827586206894,0.031034482758620686,0.07413793103448274,0.59,0.00390625,0.0009765625,0.09765625,0.0017857142857142859,True,10,False
fakenewsnet,virality,recall,logreg_mistral,rf_bert,10,1,10,0.05172413793103446,0.03275862068965516,0.07068965517241375,0.66,0.0078125,0.0009765625,0.1640625,0.0017857142857142859,True,10,False
fakenewsnet,virality,recall,logreg_bert,xgboost_mistral,10,1,10,0.0689655172413793,0.0379310344827586,0.09827586206896548,0.78,0.01171875,0.0009765625,0.234375,0.0017857142857142859,True,10,False
fakenewsnet,virality,recall,mlp_bert,xgboost_mistral,10,1,10,0.1086206896551724,0.049999999999999975,0.15862068965517237,0.75,0.01171875,0.0009765625,0.234375,0.0017857142857142859,True,10,False
fakenewsnet,virality,recall,mlp_mistral,rf_mistral,10,1,10,0.08103448275862066,0.03965517241379307,0.12068965517241377,0.48,0.015625,0.0009765625,0.28125,0.0017857142857142859,True,10,False
fakenewsnet,virality,recall,mlp_bert,rf_bert,10,1,10,0.08275862068965517,0.03275862068965517,0.13275862068965516,0.65,0.01953125,0.0009765625,0.33203125,0.0017857142857142859,True,10,False
fakenewsnet,virality,recall,logreg_bert,rf_bert,10,1,10,0.043103448275862065,0.013793103448275867,0.0706896551724138,0.55,0.0390625,0.0009765625,0.625,0.0017857142857142859,True,10,False
fakenewsnet,virality,recall,logreg_mistral,xgboost_bert,10,1,10,0.02413793103448275,0.005172413793103459,0.04137931034482759,0.37,0.046875,0.0009765625,0.703125,0.0017857142857142859,True,10,False
fakenewsnet,virality,recall,rf_bert,xgboost_bert,10,1,10,-0.027586206896551713,-0.04655172413793104,-0.006896551724137912,-0.35,0.046875,0.0009765625,0.703125,0.0017857142857142859,True,10,False
fakenewsnet,virality,recall,rf_mistral,xgboost_mistral,10,1,10,-0.03448275862068967,-0.06896551724137931,-0.00517241379310347,-0.38,0.0546875,0.0009765625,0.7109375,0.0017857142857142859,True,10,False
fakenewsnet,virality,recall,mlp_bert,xgboost_bert,10,1,10,0.05517241379310346,0.0068965517241379335,0.10000000000000005,0.55,0.0625,0.0009765625,0.75,0.0017857142857142859,True,10,False
fakenewsnet,virality,recall,logreg_bert,logreg_mistral,10,1,10,-0.008620689655172398,-0.031034482758620696,0.013793103448275845,-0.22,0.578125,0.0009765625,1.0,0.0017857142857142859,True,10,False
fakenewsnet,virality,recall,logreg_bert,mlp_bert,10,1,10,-0.039655172413793106,-0.08793103448275863,0.00862068965517242,-0.45,0.171875,0.0009765625,1.0,0.0017857142857142859,True,10,False
fakenewsnet,virality,recall,logreg_bert,mlp_mistral,10,1,10,0.0224137931034483,-0.03275862068965516,0.07413793103448277,0.16,0.423828125,0.0009765625,1.0,0.0017857142857142859,True,10,False
fakenewsnet,virality,recall,logreg_bert,xgboost_bert,10,1,10,0.015517241379310353,-0.015517241379310353,0.04482758620689657,0.25,0.37109375,0.0009765625,1.0,0.0017857142857142859,True,10,False
fakenewsnet,virality,recall,logreg_mistral,mlp_bert,10,1,10,-0.031034482758620707,-0.07413793103448277,0.013793103448275857,-0.45,0.21875,0.0009765625,1.0,0.0017857142857142859,True,10,False
fakenewsnet,virality,recall,logreg_mistral,mlp_mistral,10,1,10,0.031034482758620696,-0.018965517241379303,0.07931034482758621,0.2,0.27734375,0.0009765625,1.0,0.0017857142857142859,True,10,False
fakenewsnet,virality,recall,mlp_bert,mlp_mistral,10,1,10,0.062068965517241406,-0.0034482758620689503,0.12931034482758624,0.4,0.125,0.0009765625,1.0,0.0017857142857142859,True,10,False
fakenewsnet,virality,recall,mlp_mistral,rf_bert,10,1,10,0.02068965517241377,-0.01379310344827589,0.05517241379310343,0.05,0.333984375,0.0009765625,1.0,0.0017857142857142859,True,10,False
fakenewsnet,virality,recall,mlp_mistral,xgboost_bert,10,1,10,-0.006896551724137945,-0.058620689655172434,0.04310344827586208,-0.09,0.79296875,0.0009765625,1.0,0.0017857142857142859,True,10,False
fakenewsnet,virality,recall,mlp_mistral,xgboost_mistral,10,1,10,0.046551724137930996,-0.0137931034482759,0.10517241379310341,0.31,0.20703125,0.0009765625,1.0,0.0017857142857142859,True,10,False
fakenewsnet,virality,recall,rf_bert,xgboost_mistral,10,1,10,0.025862068965517227,-0.008620689655172408,0.05689655172413788,0.3,0.203125,0.0009765625,1.0,0.0017857142857142859,True,10,False
